,school,sex,age,address,famsize,Pstatus,Medu,Fedu,Mjob,Fjob,reason,guardian,traveltime,studytime,failures,schoolsup,famsup,paid,activities,nursery,higher,internet,romantic,famrel,freetime,goout,Dalc,Walc,health,absences,G1,G2,G3,school_num,sex_num,address_num,famsize_num,Pstatus_num,Mjob_num,Fjob_num,reason_num,guardian_num,schoolsup_num,famsup_num,paid_num,activities_num,nursery_num,higher_num,internet_num,romantic_num,class_num
0,GP,F,18,U,GT3,A,4,4,at_home,teacher,course,mother,2,2,0,yes,no,no,no,yes,yes,no,no,4,3,4,1,1,3,4,0,11,11,0,0,0,1,1,3,0,2,0,0,1,1,1,0,0,1,1,2
1,GP,F,17,U,GT3,T,1,1,at_home,other,course,father,1,2,0,no,yes,no,no,no,yes,yes,no,5,3,3,1,1,3,2,9,11,11,0,0,0,1,0,3,4,2,1,1,0,1,1,1,0,0,1,2
2,GP,F,15,U,LE3,T,1,1,at_home,other,other,mother,1,2,0,yes,no,no,no,yes,yes,yes,no,4,3,2,2,3,3,6,12,13,12,0,0,0,0,0,3,4,3,0,0,1,1,1,0,0,0,1,2
3,GP,F,15,U,GT3,T,4,2,health,services,home,mother,1,3,0,no,yes,no,yes,yes,yes,yes,yes,3,2,2,1,1,5,0,14,14,14,0,0,0,1,0,1,2,0,0,1,0,1,0,0,0,0,0,2
4,GP,F,16,U,GT3,T,3,3,other,other,home,father,1,2,0,no,yes,no,no,yes,yes,no,no,4,3,2,1,2,5,0,11,13,13,0,0,0,1,0,4,4,0,1,1,0,1,1,0,0,1,1,2
5,GP,M,16,U,LE3,T,4,3,services,other,reputation,mother,1,2,0,no,yes,no,yes,yes,yes,yes,no,5,4,2,1,2,5,6,12,12,13,0,1,0,0,0,2,4,1,0,1,0,1,0,0,0,0,1,2
6,GP,M,16,U,LE3,T,2,2,other,other,home,mother,1,2,0,no,no,no,no,yes,yes,yes,no,4,4,4,1,1,3,0,13,12,13,0,1,0,0,0,4,4,0,0,1,1,1,1,0,0,0,1,2
7,GP,F,17,U,GT3,A,4,4,other,teacher,home,mother,2,2,0,yes,yes,no,no,yes,yes,no,no,4,1,4,1,1,1,2,10,13,13,0,0,0,1,1,4,0,0,0,0,0,1,1,0,0,1,1,2
8,GP,M,15,U,LE3,A,3,2,services,other,home,mother,1,2,0,no,yes,no,no,yes,yes,yes,no,4,2,2,1,1,1,0,15,16,17,0,1,0,0,1,2,4,0,0,1,0,1,1,0,0,0,1,2
9,GP,M,15,U,GT3,T,3,4,other,other,home,mother,1,2,0,no,yes,no,yes,yes,yes,yes,no,5,5,1,1,1,5,0,12,12,13,0,1,0,1,0,4,4,0,0,1,0,1,0,0,0,0,1,2
10,GP,F,15,U,GT3,T,4,4,teacher,health,reputation,mother,1,2,0,no,yes,no,no,yes,yes,yes,no,3,3,3,1,2,2,2,14,14,14,0,0,0,1,0,0,1,1,0,1,0,1,1,0,0,0,1,2
11,GP,F,15,U,GT3,T,2,1,services,other,reputation,father,3,3,0,no,yes,no,yes,yes,yes,yes,no,5,2,2,1,1,4,0,10,12,13,0,0,0,1,0,2,4,1,1,1,0,1,0,0,0,0,1,2
12,GP,M,15,U,LE3,T,4,4,health,services,course,father,1,1,0,no,yes,no,yes,yes,yes,yes,no,4,3,3,1,3,5,0,12,13,12,0,1,0,0,0,1,2,2,1,1,0,1,0,0,0,0,1,2
13,GP,M,15,U,GT3,T,4,3,teacher,other,course,mother,2,2,0,no,yes,no,no,yes,yes,yes,no,5,4,3,1,2,3,0,12,12,13,0,1,0,1,0,0,4,2,0,1,0,1,1,0,0,0,1,2
14,GP,M,15,U,GT3,A,2,2,other,other,home,other,1,3,0,no,yes,no,no,yes,yes,yes,yes,4,5,2,1,1,3,0,14,14,15,0,1,0,1,1,4,4,0,2,1,0,1,1,0,0,0,0,2
15,GP,F,16,U,GT3,T,4,4,health,other,home,mother,1,1,0,no,yes,no,no,yes,yes,yes,no,4,4,4,1,2,2,6,17,17,17,0,0,0,1,0,1,4,0,0,1,0,1,1,0,0,0,1,2
16,GP,F,16,U,GT3,T,4,4,services,services,reputation,mother,1,3,0,no,yes,no,yes,yes,yes,yes,no,3,2,3,1,2,2,10,13,13,14,0,0,0,1,0,2,2,1,0,1,0,1,0,0,0,0,1,2
17,GP,F,16,U,GT3,T,3,3,other,other,reputation,mother,3,2,0,yes,yes,no,yes,yes,yes,no,no,5,3,2,1,1,4,2,13,14,14,0,0,0,1,0,4,4,1,0,0,0,1,0,0,0,1,1,2
18,GP,M,17,U,GT3,T,3,2,services,services,course,mother,1,1,3,no,yes,yes,yes,yes,yes,yes,no,5,5,5,2,4,5,2,8,8,7,0,1,0,1,0,2,2,2,0,1,0,0,0,0,0,0,1,2
19,GP,M,16,U,LE3,T,4,3,health,other,home,father,1,1,0,no,no,no,yes,yes,yes,yes,no,3,1,3,1,3,5,6,12,12,12,0,1,0,0,0,1,4,0,1,1,1,1,0,0,0,0,1,2
20,GP,M,15,U,GT3,T,4,3,teacher,other,reputation,mother,1,2,0,no,no,no,no,yes,yes,yes,no,4,4,1,1,1,1,0,12,13,14,0,1,0,1,0,0,4,1,0,1,1,1,1,0,0,0,1,2
21,GP,M,15,U,GT3,T,4,4,health,health,other,father,1,1,0,no,yes,yes,no,yes,yes,yes,no,5,4,2,1,1,5,0,11,12,12,0,1,0,1,0,1,1,3,1,1,0,0,1,0,0,0,1,2
22,GP,M,16,U,LE3,T,4,2,teacher,other,course,mother,1,2,0,no,no,no,yes,yes,yes,yes,no,4,5,1,1,3,5,0,12,13,14,0,1,0,0,0,0,4,2,0,1,1,1,0,0,0,0,1,2
23,GP,M,16,U,LE3,T,2,2,other,other,reputation,mother,2,2,0,no,yes,no,yes,yes,yes,yes,no,5,4,4,2,4,5,2,10,10,10,0,1,0,0,0,4,4,1,0,1,0,1,0,0,0,0,1,2
24,GP,F,15,R,GT3,T,2,4,services,health,course,mother,1,3,0,yes,yes,no,yes,yes,yes,yes,no,4,3,2,1,1,5,2,10,11,10,0,0,1,1,0,2,1,2,0,0,0,1,0,0,0,0,1,2
25,GP,F,16,U,GT3,T,2,2,services,services,home,mother,1,1,0,no,yes,no,no,no,yes,yes,no,1,2,2,1,3,5,6,10,11,12,0,0,0,1,0,2,2,0,0,1,0,1,1,1,0,0,1,2
26,GP,M,15,U,GT3,T,2,2,other,other,home,mother,1,1,0,no,yes,no,no,yes,yes,yes,no,4,2,2,1,2,5,8,11,12,12,0,1,0,1,0,4,4,0,0,1,0,1,1,0,0,0,1,2
27,GP,M,15,U,GT3,T,4,2,health,services,other,mother,1,1,0,no,no,no,no,yes,yes,yes,no,2,2,4,2,4,1,0,11,11,11,0,1,0,1,0,1,2,3,0,1,1,1,1,0,0,0,1,2
28,GP,M,16,U,LE3,A,3,4,services,other,home,mother,1,2,0,yes,yes,yes,yes,yes,yes,yes,no,5,3,3,1,1,5,2,12,12,13,0,1,0,0,1,2,4,0,0,0,0,0,0,0,0,0,1,2
29,GP,M,16,U,GT3,T,4,4,teacher,teacher,home,mother,1,2,0,no,yes,yes,yes,yes,yes,yes,yes,4,4,5,5,5,5,4,12,11,12,0,1,0,1,0,0,0,0,0,1,0,0,0,0,0,0,0,2
30,GP,M,15,U,GT3,T,4,4,health,services,home,mother,1,2,0,no,yes,yes,no,no,yes,yes,no,5,4,2,3,4,5,0,10,11,11,0,1,0,1,0,1,2,0,0,1,0,0,1,1,0,0,1,2
31,GP,M,15,U,GT3,T,4,4,services,services,reputation,mother,2,2,0,no,yes,no,yes,yes,yes,yes,no,4,3,1,1,1,5,2,15,15,15,0,1,0,1,0,2,2,1,0,1,0,1,0,0,0,0,1,2
32,GP,M,15,R,GT3,T,4,3,teacher,at_home,course,mother,1,2,0,no,yes,no,yes,yes,yes,yes,yes,4,5,2,1,1,5,0,13,14,15,0,1,1,1,0,0,3,2,0,1,0,1,0,0,0,0,0,2
33,GP,M,15,U,LE3,T,3,3,other,other,course,mother,1,2,0,no,no,no,yes,no,yes,yes,no,5,3,2,1,1,2,0,13,12,12,0,1,0,0,0,4,4,2,0,1,1,1,0,1,0,0,1,2
34,GP,M,16,U,GT3,T,3,2,other,other,home,mother,1,1,0,no,yes,no,no,no,yes,yes,no,5,4,3,1,1,5,4,12,12,12,0,1,0,1,0,4,4,0,0,1,0,1,1,1,0,0,1,2
35,GP,F,15,U,GT3,T,2,3,other,other,other,father,2,1,0,no,yes,no,yes,yes,yes,no,no,3,5,1,1,1,5,4,11,11,11,0,0,0,1,0,4,4,3,1,1,0,1,0,0,0,1,1,2
36,GP,M,15,U,LE3,T,4,3,teacher,services,home,mother,1,3,0,no,yes,no,yes,yes,yes,yes,no,5,4,3,1,1,4,0,14,14,14,0,1,0,0,0,0,2,0,0,1,0,1,0,0,0,0,1,2
37,GP,M,16,R,GT3,A,4,4,other,teacher,reputation,mother,2,3,0,no,yes,no,yes,yes,yes,yes,yes,2,4,3,1,1,5,4,13,13,13,0,1,1,1,1,4,0,1,0,1,0,1,0,0,0,0,0,2
38,GP,F,15,R,GT3,T,3,4,services,health,course,mother,1,3,0,yes,yes,no,yes,yes,yes,yes,no,4,3,2,1,1,5,2,11,12,12,0,0,1,1,0,2,1,2,0,0,0,1,0,0,0,0,1,2
39,GP,F,15,R,GT3,T,2,2,at_home,other,reputation,mother,1,1,0,yes,yes,no,yes,yes,yes,no,no,4,3,1,1,1,2,8,14,13,12,0,0,1,1,0,3,4,1,0,0,0,1,0,0,0,1,1,2
40,GP,F,16,U,LE3,T,2,2,other,other,home,mother,2,2,0,no,yes,no,yes,no,yes,yes,yes,3,3,3,1,2,3,16,11,11,10,0,0,0,0,0,4,4,0,0,1,0,1,0,1,0,0,0,2
41,GP,M,15,U,LE3,T,4,4,teacher,other,home,other,1,1,0,no,yes,no,no,no,yes,yes,yes,5,4,3,2,4,5,8,10,11,11,0,1,0,0,0,0,4,0,2,1,0,1,1,1,0,0,0,2
42,GP,M,15,U,GT3,T,4,4,services,teacher,course,father,1,2,0,no,yes,no,yes,yes,yes,yes,no,4,3,3,1,1,5,0,14,15,15,0,1,0,1,0,2,0,2,1,1,0,1,0,0,0,0,1,2
43,GP,M,15,U,GT3,T,2,2,services,services,course,father,1,1,0,yes,yes,no,no,yes,yes,yes,no,5,4,1,1,1,1,0,9,10,10,0,1,0,1,0,2,2,2,1,0,0,1,1,0,0,0,1,2
44,GP,F,16,U,LE3,T,2,2,other,at_home,course,father,2,2,1,yes,no,no,yes,yes,yes,yes,no,4,3,3,2,2,5,14,10,11,11,0,0,0,0,0,4,3,2,1,0,1,1,0,0,0,0,1,2
45,GP,F,15,U,LE3,A,4,3,other,other,course,mother,1,2,0,yes,yes,yes,yes,yes,yes,yes,yes,5,2,2,1,1,5,4,10,11,11,0,0,0,0,1,4,4,2,0,0,0,0,0,0,0,0,0,2
46,GP,F,16,U,LE3,A,3,3,other,services,home,mother,1,2,0,no,yes,no,no,yes,yes,yes,no,2,3,5,1,4,3,6,13,12,13,0,0,0,0,1,4,2,0,0,1,0,1,1,0,0,0,1,2
47,GP,M,16,U,GT3,T,4,3,health,services,reputation,mother,1,4,0,no,no,no,yes,yes,yes,yes,no,4,2,2,1,1,2,2,17,17,17,0,1,0,1,0,1,2,1,0,1,1,1,0,0,0,0,1,2
48,GP,M,15,U,GT3,T,4,2,teacher,other,home,mother,1,2,0,no,yes,no,no,yes,yes,no,no,4,3,3,2,2,5,4,11,12,13,0,1,0,1,0,0,4,0,0,1,0,1,1,0,0,1,1,2
49,GP,F,15,U,GT3,T,4,4,services,teacher,other,father,1,2,0,yes,yes,no,yes,no,yes,yes,no,4,4,4,1,1,3,2,13,12,12,0,0,0,1,0,2,0,3,1,0,0,1,0,1,0,0,1,2
50,GP,F,16,U,LE3,T,2,2,services,services,course,mother,3,2,0,no,yes,no,no,yes,yes,yes,no,4,3,3,2,3,4,0,14,13,13,0,0,0,0,0,2,2,2,0,1,0,1,1,0,0,0,1,2
51,GP,F,15,U,LE3,T,4,2,health,other,other,mother,1,2,0,no,yes,no,no,yes,yes,yes,no,4,3,3,1,1,5,0,16,14,16,0,0,0,0,0,1,4,3,0,1,0,1,1,0,0,0,1,2
52,GP,M,15,U,LE3,A,4,2,health,health,other,father,2,1,0,no,no,no,no,yes,yes,no,no,5,5,5,3,4,5,4,10,9,9,0,1,0,0,1,1,1,3,1,1,1,1,1,0,0,1,1,2
53,GP,F,15,U,GT3,T,4,4,services,services,course,mother,1,1,0,yes,yes,no,no,yes,yes,yes,no,3,3,4,2,3,5,0,13,12,12,0,0,0,1,0,2,2,2,0,0,0,1,1,0,0,0,1,2
54,GP,F,15,U,LE3,A,3,3,other,other,other,mother,1,1,0,no,no,no,no,yes,yes,yes,no,5,3,4,4,4,1,0,13,12,13,0,0,0,0,1,4,4,3,0,1,1,1,1,0,0,0,1,2
55,GP,F,16,U,GT3,A,2,1,other,other,other,mother,1,2,0,no,no,no,yes,yes,yes,yes,yes,5,3,4,1,1,2,2,12,13,12,0,0,0,1,1,4,4,3,0,1,1,1,0,0,0,0,0,2
56,GP,F,15,U,GT3,A,4,3,services,services,reputation,mother,1,2,0,no,yes,no,yes,yes,yes,yes,no,4,3,2,1,1,1,0,15,14,15,0,0,0,1,1,2,2,1,0,1,0,1,0,0,0,0,1,2
57,GP,M,15,U,GT3,T,4,4,teacher,health,reputation,mother,1,2,0,no,yes,no,yes,yes,yes,no,no,3,2,2,1,1,5,8,15,15,16,0,1,0,1,0,0,1,1,0,1,0,1,0,0,0,1,1,2
58,GP,M,15,U,LE3,T,1,2,other,at_home,home,father,1,2,0,yes,yes,no,yes,yes,yes,yes,no,4,3,2,1,1,5,0,14,13,14,0,1,0,0,0,4,3,0,1,0,0,1,0,0,0,0,1,2
59,GP,F,16,U,GT3,T,4,2,services,other,course,mother,1,2,0,no,yes,yes,no,yes,yes,yes,no,4,2,3,1,1,5,2,16,15,16,0,0,0,1,0,2,4,2,0,1,0,0,1,0,0,0,1,2
60,GP,F,16,R,GT3,T,4,4,health,teacher,other,mother,1,2,0,no,yes,no,yes,yes,yes,no,no,2,4,4,2,3,4,0,17,16,16,0,0,1,1,0,1,0,3,0,1,0,1,0,0,0,1,1,2
61,GP,F,16,U,GT3,T,1,1,services,services,course,father,4,1,0,yes,yes,no,yes,no,yes,yes,yes,5,5,5,5,5,5,0,10,10,16,0,0,0,1,0,2,2,2,1,0,0,1,0,1,0,0,0,2
62,GP,F,16,U,LE3,T,1,2,other,services,reputation,father,1,2,0,yes,no,no,yes,yes,yes,yes,no,4,4,3,1,1,1,0,13,13,10,0,0,0,0,0,4,2,1,1,0,1,1,0,0,0,0,1,2
63,GP,F,16,U,GT3,T,4,3,teacher,health,home,mother,1,3,0,yes,yes,no,yes,yes,yes,yes,no,3,4,4,2,4,4,0,14,13,13,0,0,0,1,0,0,1,0,0,0,0,1,0,0,0,0,1,2
64,GP,F,15,U,LE3,T,4,3,services,services,reputation,father,1,2,0,yes,no,no,yes,yes,yes,yes,yes,4,4,4,2,4,2,0,13,12,12,0,0,0,0,0,2,2,1,1,0,1,1,0,0,0,0,0,2
65,GP,F,16,U,LE3,T,4,3,teacher,services,course,mother,3,2,0,no,yes,no,yes,yes,yes,yes,no,5,4,3,1,2,1,2,16,15,16,0,0,0,0,0,0,2,2,0,1,0,1,0,0,0,0,1,2
66,GP,M,15,U,GT3,A,4,4,other,services,reputation,mother,1,4,0,no,yes,no,yes,no,yes,yes,yes,1,3,3,5,5,3,0,11,12,12,0,1,0,1,1,4,2,1,0,1,0,1,0,1,0,0,0,2
67,GP,F,16,U,GT3,T,3,1,services,other,course,mother,1,4,0,yes,yes,no,no,yes,yes,yes,no,4,3,3,1,2,5,0,10,9,10,0,0,0,1,0,2,4,2,0,0,0,1,1,0,0,0,1,2
68,GP,F,15,R,LE3,T,2,2,health,services,reputation,mother,2,2,0,yes,yes,no,no,yes,yes,yes,no,4,1,3,1,3,4,0,11,10,11,0,0,1,0,0,1,2,1,0,0,0,1,1,0,0,0,1,2
69,GP,F,15,R,LE3,T,3,1,other,other,reputation,father,2,4,0,no,yes,no,no,no,yes,yes,no,4,4,2,2,3,3,6,15,15,15,0,0,1,0,0,4,4,1,1,1,0,1,1,1,0,0,1,2
70,GP,M,16,U,GT3,T,3,1,other,other,reputation,father,2,4,0,no,yes,no,no,yes,yes,yes,no,4,3,2,1,1,5,2,13,11,11,0,1,0,1,0,4,4,1,1,1,0,1,1,0,0,0,1,2
71,GP,M,15,U,GT3,T,4,2,other,other,course,mother,1,4,0,no,no,no,no,yes,yes,yes,no,3,3,3,1,1,3,0,11,9,10,0,1,0,1,0,4,4,2,0,1,1,1,1,0,0,0,1,2
72,GP,F,15,R,GT3,T,1,1,other,other,reputation,mother,1,2,0,yes,yes,no,no,no,yes,yes,yes,3,3,4,2,4,5,2,13,11,11,0,0,1,1,0,4,4,1,0,0,0,1,1,1,0,0,0,2
73,GP,M,16,U,GT3,T,3,1,other,other,reputation,mother,1,1,0,no,no,no,yes,yes,yes,no,no,5,3,2,2,2,5,0,13,13,14,0,1,0,1,0,4,4,1,0,1,1,1,0,0,0,1,1,2
74,GP,F,16,U,GT3,T,3,3,other,services,home,mother,1,2,0,yes,yes,no,yes,yes,yes,yes,no,4,3,3,2,4,5,4,11,11,11,0,0,0,1,0,4,2,0,0,0,0,1,0,0,0,0,1,2
75,GP,M,15,U,GT3,T,4,3,teacher,other,home,mother,1,2,0,no,yes,no,yes,yes,yes,yes,no,4,3,3,2,3,5,0,11,11,11,0,1,0,1,0,0,4,0,0,1,0,1,0,0,0,0,1,2
76,GP,M,15,U,GT3,T,4,0,teacher,other,course,mother,2,4,0,no,no,no,yes,yes,yes,yes,no,3,4,3,1,1,1,0,12,11,11,0,1,0,1,0,0,4,2,0,1,1,1,0,0,0,0,1,2
77,GP,F,16,U,GT3,T,2,2,other,other,reputation,mother,1,4,0,no,no,no,no,yes,yes,yes,yes,5,2,3,1,3,3,1,13,13,13,0,0,0,1,0,4,4,1,0,1,1,1,1,0,0,0,0,2
78,GP,M,17,U,GT3,T,2,1,other,other,home,mother,2,1,3,yes,yes,no,yes,yes,no,yes,no,4,5,1,1,1,3,0,9,9,10,0,1,0,1,0,4,4,0,0,0,0,1,0,0,1,0,1,2
79,GP,F,16,U,GT3,T,3,4,at_home,other,course,mother,1,2,0,no,yes,no,no,yes,yes,yes,no,2,4,3,1,2,3,14,12,11,11,0,0,0,1,0,3,4,2,0,1,0,1,1,0,0,0,1,2
80,GP,M,15,U,GT3,T,2,3,other,services,course,father,1,1,0,yes,yes,no,yes,no,yes,yes,yes,3,2,2,1,3,3,0,11,11,12,0,1,0,1,0,4,2,2,1,0,0,1,0,1,0,0,0,2
81,GP,M,15,U,GT3,T,2,3,other,other,home,mother,1,3,0,yes,no,no,no,no,yes,yes,no,5,3,2,1,2,5,2,10,9,9,0,1,0,1,0,4,4,0,0,0,1,1,1,1,0,0,1,2
82,GP,F,15,U,LE3,T,3,2,services,other,reputation,mother,1,2,0,no,yes,no,no,yes,yes,yes,no,4,4,4,1,1,5,4,12,11,11,0,0,0,0,0,2,4,1,0,1,0,1,1,0,0,0,1,2
83,GP,M,15,U,LE3,T,2,2,services,services,home,mother,2,2,0,no,no,yes,yes,yes,yes,yes,no,5,3,3,1,3,4,2,13,12,13,0,1,0,0,0,2,2,0,0,1,1,0,0,0,0,0,1,2
84,GP,F,15,U,GT3,T,1,1,other,other,home,father,1,2,0,no,yes,no,yes,no,yes,yes,no,4,3,2,2,3,4,2,13,12,12,0,0,0,1,0,4,4,0,1,1,0,1,0,1,0,0,1,2
85,GP,F,15,U,GT3,T,4,4,services,services,reputation,father,2,2,0,no,no,no,no,yes,yes,yes,yes,4,4,4,2,3,5,4,12,11,12,0,0,0,1,0,2,2,1,1,1,1,1,1,0,0,0,0,2
86,GP,F,16,U,LE3,T,2,2,at_home,other,course,mother,1,2,0,no,yes,no,no,yes,yes,no,no,4,3,4,1,2,2,6,13,11,11,0,0,0,0,0,3,4,2,0,1,0,1,1,0,0,1,1,2
87,GP,F,15,U,GT3,T,4,2,other,other,reputation,mother,1,3,0,no,yes,no,yes,yes,yes,yes,no,5,3,3,1,3,1,4,15,15,15,0,0,0,1,0,4,4,1,0,1,0,1,0,0,0,0,1,2
88,GP,M,16,U,GT3,T,2,2,services,other,reputation,father,2,2,0,no,no,no,yes,no,yes,yes,no,4,4,2,1,1,3,6,12,10,11,0,1,0,1,0,2,4,1,1,1,1,1,0,1,0,0,1,2
89,GP,M,16,U,LE3,A,4,4,teacher,health,reputation,mother,1,2,0,no,yes,no,no,yes,yes,no,no,4,1,3,3,5,5,6,9,9,10,0,1,0,0,1,0,1,1,0,1,0,1,1,0,0,1,1,2
90,GP,F,16,U,GT3,T,3,3,other,other,home,mother,1,3,0,no,yes,no,no,yes,yes,yes,yes,4,3,3,1,3,4,2,9,11,11,0,0,0,1,0,4,4,0,0,1,0,1,1,0,0,0,0,2
91,GP,F,15,U,GT3,T,4,3,services,other,reputation,mother,1,1,0,no,no,no,yes,yes,yes,yes,no,4,5,5,1,3,1,6,14,13,13,0,0,0,1,0,2,4,1,0,1,1,1,0,0,0,0,1,2
92,GP,F,16,U,LE3,T,3,1,other,other,home,father,1,2,0,yes,yes,no,no,yes,yes,no,no,3,3,3,2,3,2,0,12,13,12,0,0,0,0,0,4,4,0,1,0,0,1,1,0,0,1,1,2
93,GP,F,16,U,GT3,T,4,2,teacher,services,home,mother,2,2,0,no,yes,no,yes,yes,yes,yes,no,5,3,3,1,1,1,2,13,14,14,0,0,0,1,0,0,2,0,0,1,0,1,0,0,0,0,1,2
94,GP,M,15,U,LE3,T,2,2,services,health,reputation,mother,1,4,0,no,yes,no,yes,yes,yes,yes,no,4,3,4,1,1,4,2,11,12,12,0,1,0,0,0,2,1,1,0,1,0,1,0,0,0,0,1,2
95,GP,F,15,R,GT3,T,1,1,at_home,other,home,mother,2,4,0,yes,yes,yes,yes,yes,yes,yes,no,3,1,2,1,1,1,4,13,13,13,0,0,1,1,0,3,4,0,0,0,0,0,0,0,0,0,1,2
96,GP,M,16,R,GT3,T,4,3,services,other,reputation,mother,2,1,0,yes,yes,yes,yes,no,yes,yes,no,3,3,3,1,1,4,6,9,11,11,0,1,1,1,0,2,4,1,0,0,0,0,0,1,0,0,1,2
97,GP,F,16,U,GT3,T,2,1,other,other,course,mother,1,2,0,no,yes,no,no,yes,yes,no,yes,4,3,5,1,1,5,0,13,12,12,0,0,0,1,0,4,4,2,0,1,0,1,1,0,0,1,0,2
98,GP,F,16,U,GT3,T,4,4,other,other,reputation,mother,1,1,0,no,no,no,yes,no,yes,yes,no,5,3,4,1,2,1,4,12,13,13,0,0,0,1,0,4,4,1,0,1,1,1,0,1,0,0,1,2
99,GP,F,16,U,GT3,T,4,3,other,at_home,course,mother,1,3,0,yes,yes,no,no,yes,yes,yes,no,5,3,5,1,1,3,2,12,13,13,0,0,0,1,0,4,3,2,0,0,0,1,1,0,0,0,1,2
100,GP,M,16,U,GT3,T,4,4,services,services,other,mother,1,1,0,yes,yes,no,yes,yes,yes,yes,no,4,5,5,5,5,4,12,9,9,8,0,1,0,1,0,2,2,3,0,0,0,1,0,0,0,0,1,2
101,GP,M,16,U,GT3,T,4,4,services,teacher,other,father,1,3,0,no,yes,no,yes,yes,yes,yes,yes,4,4,3,1,1,4,0,16,16,16,0,1,0,1,0,2,0,3,1,1,0,1,0,0,0,0,0,2
102,GP,M,15,U,GT3,T,4,4,services,other,course,mother,1,1,0,no,yes,yes,yes,no,yes,yes,no,5,3,3,1,1,5,2,12,13,12,0,1,0,1,0,2,4,2,0,1,0,0,0,1,0,0,1,2
103,GP,F,15,U,GT3,T,3,2,services,other,home,mother,2,2,0,yes,yes,no,no,yes,yes,yes,no,4,3,5,1,1,2,16,11,10,10,0,0,0,1,0,2,4,0,0,0,0,1,1,0,0,0,1,2
104,GP,M,15,U,GT3,A,3,4,services,other,course,mother,1,2,0,no,yes,no,yes,yes,yes,yes,no,5,4,4,1,1,1,0,16,16,16,0,1,0,1,1,2,4,2,0,1,0,1,0,0,0,0,1,2
105,GP,F,15,U,GT3,A,3,3,other,health,reputation,father,1,4,0,yes,no,no,no,yes,yes,no,no,4,3,3,1,1,4,10,10,10,10,0,0,0,1,1,4,1,1,1,0,1,1,1,0,0,1,1,2
106,GP,F,15,U,GT3,T,2,2,other,other,course,mother,1,4,0,yes,yes,no,no,yes,yes,yes,no,5,1,2,1,1,3,4,10,10,10,0,0,0,1,0,4,4,2,0,0,0,1,1,0,0,0,1,2
107,GP,M,16,U,GT3,T,3,3,services,other,home,father,1,3,0,no,yes,no,yes,yes,yes,yes,no,5,3,3,1,1,5,4,13,14,14,0,1,0,1,0,2,4,0,1,1,0,1,0,0,0,0,1,2
108,GP,M,15,R,GT3,T,4,4,other,other,home,father,4,4,0,no,yes,no,yes,yes,yes,yes,yes,1,3,5,3,5,1,8,12,10,11,0,1,1,1,0,4,4,0,1,1,0,1,0,0,0,0,0,2
109,GP,F,16,U,LE3,T,4,4,health,health,other,mother,1,3,0,no,yes,no,yes,yes,yes,yes,yes,5,4,5,1,1,4,2,15,15,14,0,0,0,0,0,1,1,3,0,1,0,1,0,0,0,0,0,2
110,GP,M,15,U,LE3,A,4,4,teacher,teacher,course,mother,1,1,0,no,no,no,yes,yes,yes,yes,no,5,5,3,1,1,4,4,13,14,14,0,1,0,0,1,0,0,2,0,1,1,1,0,0,0,0,1,2
111,GP,F,16,R,GT3,T,3,3,services,other,reputation,father,1,3,0,yes,yes,no,yes,yes,yes,yes,no,4,1,2,1,1,2,4,11,11,11,0,0,1,1,0,2,4,1,1,0,0,1,0,0,0,0,1,2
112,GP,F,16,U,GT3,T,2,2,at_home,other,home,mother,1,2,1,yes,no,no,yes,yes,yes,yes,no,3,1,2,1,1,5,12,8,10,10,0,0,0,1,0,3,4,0,0,0,1,1,0,0,0,0,1,2
113,GP,M,15,U,LE3,T,4,2,teacher,other,course,mother,1,1,0,no,no,no,no,yes,yes,yes,no,3,5,2,1,1,3,10,18,17,18,0,1,0,0,0,0,4,2,0,1,1,1,1,0,0,0,1,2
114,GP,M,15,R,GT3,T,2,1,health,services,reputation,mother,1,2,0,no,no,no,yes,yes,yes,yes,yes,5,4,2,1,1,5,4,10,9,10,0,1,1,1,0,1,2,1,0,1,1,1,0,0,0,0,0,2
115,GP,M,16,U,GT3,T,4,4,teacher,teacher,course,father,1,2,0,no,yes,no,yes,yes,yes,yes,no,5,4,4,1,2,5,6,16,14,14,0,1,0,1,0,0,0,2,1,1,0,1,0,0,0,0,1,2
116,GP,M,15,U,GT3,T,4,4,other,teacher,reputation,father,2,2,0,no,yes,no,yes,yes,yes,no,no,4,4,3,1,1,2,4,16,15,16,0,1,0,1,0,4,0,1,1,1,0,1,0,0,0,1,1,2
117,GP,M,16,U,GT3,T,3,3,other,services,home,father,2,1,0,no,no,no,yes,yes,yes,yes,no,5,4,2,1,1,5,6,14,14,15,0,1,0,1,0,4,2,0,1,1,1,1,0,0,0,0,1,2
118,GP,M,17,R,GT3,T,1,3,other,other,course,father,3,2,1,no,yes,no,yes,yes,yes,yes,no,5,2,4,1,4,5,14,12,11,11,0,1,1,1,0,4,4,2,1,1,0,1,0,0,0,0,1,2
119,GP,M,15,U,GT3,T,3,4,other,other,reputation,father,1,1,0,no,no,no,no,yes,yes,yes,no,3,4,3,1,2,4,2,14,13,14,0,1,0,1,0,4,4,1,1,1,1,1,1,0,0,0,1,2
120,GP,F,15,U,GT3,T,1,2,at_home,services,course,mother,1,2,0,no,no,no,no,no,yes,yes,no,3,2,3,1,2,1,0,14,14,14,0,0,0,1,0,3,2,2,0,1,1,1,1,1,0,0,1,2
121,GP,M,15,U,GT3,T,2,2,services,services,home,father,1,4,0,no,yes,no,yes,yes,yes,yes,no,5,5,4,1,2,5,6,14,13,13,0,1,0,1,0,2,2,0,1,1,0,1,0,0,0,0,1,2
122,GP,F,16,U,LE3,T,2,4,other,health,course,father,2,2,0,no,yes,no,yes,yes,yes,yes,yes,4,2,2,1,2,5,2,14,12,13,0,0,0,0,0,4,1,2,1,1,0,1,0,0,0,0,0,2
123,GP,M,16,U,GT3,T,4,4,health,other,course,mother,1,1,0,no,yes,no,yes,yes,yes,yes,no,3,4,4,1,4,5,4,12,13,13,0,1,0,1,0,1,4,2,0,1,0,1,0,0,0,0,1,2
124,GP,F,16,U,GT3,T,2,2,other,other,home,mother,1,2,0,no,no,no,no,yes,yes,yes,yes,5,4,4,1,1,5,0,12,11,11,0,0,0,1,0,4,4,0,0,1,1,1,1,0,0,0,0,2
125,GP,M,15,U,GT3,T,3,4,services,services,home,father,1,1,0,yes,no,no,no,yes,yes,yes,no,5,5,5,3,2,5,2,9,9,9,0,1,0,1,0,2,2,0,1,0,1,1,1,0,0,0,1,2
126,GP,F,15,U,LE3,A,3,4,other,other,home,mother,1,2,0,yes,no,no,yes,yes,yes,yes,yes,5,3,2,1,1,1,0,10,11,11,0,0,0,0,1,4,4,0,0,0,1,1,0,0,0,0,0,2
127,GP,F,19,U,GT3,T,0,1,at_home,other,course,other,1,2,2,no,yes,no,no,no,no,no,no,3,4,2,1,1,5,0,9,10,11,0,0,0,1,0,3,4,2,2,1,0,1,1,1,1,1,1,2
128,GP,M,16,R,GT3,T,4,4,teacher,teacher,course,mother,1,1,0,no,no,no,yes,yes,yes,yes,no,3,5,5,2,5,4,8,14,14,15,0,1,1,1,0,0,0,2,0,1,1,1,0,0,0,0,1,2
129,GP,M,16,U,GT3,T,2,3,other,other,course,mother,2,3,0,no,yes,no,no,no,yes,yes,yes,3,2,3,2,2,1,4,13,12,13,0,1,0,1,0,4,4,2,0,1,0,1,1,1,0,0,0,1
130,GP,F,15,R,GT3,T,3,4,services,teacher,course,father,2,3,0,no,yes,no,no,yes,yes,yes,yes,4,2,2,2,2,5,0,10,11,12,0,0,1,1,0,2,0,2,1,1,0,1,1,0,0,0,0,2
131,GP,F,18,U,GT3,T,2,1,services,other,reputation,mother,1,2,3,no,yes,no,yes,yes,no,yes,yes,5,4,5,1,3,5,10,10,9,8,0,0,0,1,0,2,4,1,0,1,0,1,0,0,1,0,0,1
132,GP,F,17,U,LE3,A,2,1,other,other,course,mother,3,1,0,no,yes,no,no,yes,yes,yes,no,3,2,2,1,2,5,8,11,10,11,0,0,0,0,1,4,4,2,0,1,0,1,1,0,0,0,1,1
133,GP,F,15,U,GT3,T,1,1,at_home,other,course,mother,3,1,0,no,yes,no,yes,no,yes,yes,yes,4,3,3,1,2,4,6,11,12,13,0,0,0,1,0,3,4,2,0,1,0,1,0,1,0,0,0,2
134,GP,F,17,U,LE3,T,2,2,other,other,course,father,1,1,0,no,yes,no,no,yes,yes,yes,yes,3,4,4,1,3,5,2,13,12,12,0,0,0,0,0,4,4,2,1,1,0,1,1,0,0,0,0,2
135,GP,F,16,U,GT3,A,3,4,services,other,course,father,1,1,0,no,no,no,no,yes,yes,yes,no,3,2,1,1,4,5,12,15,13,14,0,0,0,1,1,2,4,2,1,1,1,1,1,0,0,0,1,2
136,GP,M,16,U,GT3,T,2,1,at_home,other,course,mother,4,1,0,no,no,no,no,yes,yes,no,no,3,2,1,1,1,2,4,9,9,11,0,1,0,1,0,3,4,2,0,1,1,1,1,0,0,1,1,1
137,GP,F,16,U,GT3,A,2,2,other,other,home,mother,1,1,1,no,no,no,no,yes,yes,no,no,5,3,4,1,1,5,12,13,11,11,0,0,0,1,1,4,4,0,0,1,1,1,1,0,0,1,1,1
138,GP,M,15,R,GT3,T,3,4,at_home,teacher,course,mother,4,2,0,no,yes,no,no,yes,yes,no,yes,5,3,3,1,1,5,2,12,11,11,0,1,1,1,0,3,0,2,0,1,0,1,1,0,0,1,0,2
139,GP,F,15,U,GT3,T,4,4,services,at_home,course,mother,1,3,0,no,yes,no,yes,yes,yes,yes,yes,4,3,3,1,1,5,4,13,14,15,0,0,0,1,0,2,3,2,0,1,0,1,0,0,0,0,0,2
140,GP,M,17,R,GT3,T,3,4,at_home,other,course,mother,3,2,0,no,no,no,no,yes,yes,no,no,5,4,5,2,4,5,2,10,9,10,0,1,1,1,0,3,4,2,0,1,1,1,1,0,0,1,1,2
141,GP,F,16,R,GT3,T,1,1,at_home,other,course,mother,4,2,0,no,yes,no,no,yes,yes,no,no,5,1,3,1,1,3,0,14,13,13,0,0,1,1,0,3,4,2,0,1,0,1,1,0,0,1,1,1
142,GP,M,18,U,LE3,T,3,1,services,services,course,mother,2,1,0,no,no,no,yes,yes,yes,yes,yes,3,3,4,4,5,4,2,11,11,12,0,1,0,0,0,2,2,2,0,1,1,1,0,0,0,0,0,1
143,GP,F,18,U,GT3,A,3,2,other,services,course,other,1,3,0,no,yes,no,yes,no,yes,yes,yes,4,3,3,5,1,5,10,12,11,11,0,0,0,1,1,4,2,2,2,1,0,1,0,1,0,0,0,1
144,GP,F,16,R,GT3,T,1,1,other,services,reputation,mother,2,1,0,no,yes,no,yes,yes,yes,no,yes,3,3,3,1,2,1,8,12,11,11,0,0,1,1,0,4,2,1,0,1,0,1,0,0,0,1,0,1
145,GP,F,16,U,GT3,A,3,3,other,other,course,other,2,1,0,no,yes,no,yes,no,yes,yes,yes,4,3,2,1,1,5,4,9,9,10,0,0,0,1,1,4,4,2,2,1,0,1,0,1,0,0,0,2
146,GP,M,16,U,LE3,T,1,1,services,other,course,mother,1,2,2,no,no,no,no,yes,yes,no,yes,4,4,4,1,3,5,0,10,10,10,0,1,0,0,0,2,4,2,0,1,1,1,1,0,0,1,0,2
147,GP,F,15,U,GT3,T,4,4,teacher,teacher,course,mother,2,1,0,no,no,no,yes,yes,yes,yes,no,4,3,2,1,1,5,6,13,14,14,0,0,0,1,0,0,0,2,0,1,1,1,0,0,0,0,1,2
148,GP,F,15,R,GT3,T,1,1,other,other,course,mother,3,1,1,no,no,no,yes,yes,yes,yes,yes,5,5,5,1,1,1,2,8,9,9,0,0,1,1,0,4,4,2,0,1,1,1,0,0,0,0,0,1
149,GP,M,15,U,GT3,T,4,3,teacher,services,course,father,2,4,0,yes,yes,no,no,yes,yes,yes,no,2,2,2,1,1,3,6,9,11,11,0,1,0,1,0,0,2,2,1,0,0,1,1,0,0,0,1,2
150,GP,F,15,U,GT3,A,3,3,services,services,home,mother,1,2,0,no,no,no,no,no,yes,no,yes,1,3,2,2,3,1,24,9,8,9,0,0,0,1,1,2,2,0,0,1,1,1,1,1,0,1,0,1
151,GP,M,16,U,GT3,T,4,4,services,services,course,mother,1,3,0,no,yes,no,yes,yes,yes,yes,no,5,3,3,1,3,5,0,15,13,13,0,1,0,1,0,2,2,2,0,1,0,1,0,0,0,0,1,2
152,GP,M,16,U,LE3,T,2,2,services,services,reputation,father,2,1,0,no,yes,no,yes,yes,yes,yes,no,2,3,3,2,2,2,4,12,11,11,0,1,0,0,0,2,2,1,1,1,0,1,0,0,0,0,1,2
153,GP,F,15,U,GT3,T,4,4,teacher,services,course,mother,1,3,0,no,yes,no,yes,yes,yes,yes,no,4,2,2,1,1,5,2,13,13,13,0,0,0,1,0,0,2,2,0,1,0,1,0,0,0,0,1,2
154,GP,F,16,U,LE3,T,1,1,at_home,at_home,course,mother,1,1,0,no,no,no,no,yes,yes,yes,no,3,4,4,3,3,1,4,10,11,11,0,0,0,0,0,3,3,2,0,1,1,1,1,0,0,0,1,2
155,GP,F,15,U,GT3,T,1,1,other,services,course,father,1,2,0,no,yes,no,no,yes,yes,yes,no,4,4,2,1,2,5,0,12,12,12,0,0,0,1,0,4,2,2,1,1,0,1,1,0,0,0,1,2
156,GP,F,15,U,LE3,A,2,1,at_home,other,home,mother,2,1,0,no,yes,no,yes,yes,no,yes,yes,4,4,2,1,1,5,0,11,10,10,0,0,0,0,1,3,4,0,0,1,0,1,0,0,1,0,0,1
157,GP,F,15,U,GT3,T,3,2,health,services,home,father,1,2,1,no,yes,no,no,yes,yes,yes,no,3,3,2,1,1,3,2,11,11,11,0,0,0,1,0,1,2,0,1,1,0,1,1,0,0,0,1,2
158,GP,F,15,U,GT3,T,1,2,at_home,other,course,mother,1,2,0,no,yes,no,no,no,yes,yes,no,4,3,2,1,1,5,6,13,12,13,0,0,0,1,0,3,4,2,0,1,0,1,1,1,0,0,1,2
159,GP,F,15,U,GT3,T,1,2,at_home,services,course,father,1,2,0,no,no,no,no,no,yes,no,yes,2,3,4,2,4,1,6,11,11,11,0,0,0,1,0,3,2,2,1,1,1,1,1,1,0,1,0,1
160,GP,M,15,U,LE3,A,2,1,services,other,course,mother,4,1,0,no,no,no,no,yes,yes,yes,no,4,5,5,2,5,5,0,12,11,11,0,1,0,0,1,2,4,2,0,1,1,1,1,0,0,0,1,2
161,GP,M,18,U,LE3,T,1,1,other,other,course,mother,1,1,2,no,no,no,no,yes,no,yes,yes,2,3,5,2,5,4,0,11,9,0,0,1,0,0,0,4,4,2,0,1,1,1,1,0,1,0,0,2
162,GP,M,16,U,LE3,T,2,1,at_home,other,course,mother,1,1,1,no,no,no,yes,yes,yes,no,yes,4,4,4,3,5,5,6,9,10,10,0,1,0,0,0,3,4,2,0,1,1,1,0,0,0,1,0,2
163,GP,F,15,R,GT3,T,3,3,services,services,reputation,other,2,3,0,no,yes,yes,yes,yes,yes,yes,yes,4,2,1,2,3,3,2,13,13,13,0,0,1,1,0,2,2,1,2,1,0,0,0,0,0,0,0,2
164,GP,M,19,U,GT3,T,3,2,services,at_home,home,mother,1,1,0,no,yes,no,no,yes,no,yes,yes,4,5,4,1,1,4,6,11,9,11,0,1,0,1,0,2,3,0,0,1,0,1,1,0,1,0,0,2
165,GP,F,17,U,GT3,T,4,4,other,teacher,course,mother,1,1,0,yes,yes,no,no,yes,yes,no,yes,4,2,1,1,1,4,0,13,13,13,0,0,0,1,0,4,0,2,0,0,0,1,1,0,0,1,0,2
166,GP,M,15,R,GT3,T,2,3,at_home,services,course,mother,1,2,0,yes,no,yes,yes,yes,yes,no,no,4,4,4,1,1,1,0,7,8,8,0,1,1,1,0,3,2,2,0,0,1,0,0,0,0,1,1,2
167,GP,M,17,R,LE3,T,1,2,other,other,reputation,mother,1,1,3,no,no,no,no,yes,yes,no,no,2,2,2,3,3,5,14,9,8,10,0,1,1,0,0,4,4,1,0,1,1,1,1,0,0,1,1,2
168,GP,F,18,R,GT3,T,1,1,at_home,other,course,mother,3,1,3,no,yes,no,yes,no,yes,no,no,5,2,5,1,5,4,6,11,10,11,0,0,1,1,0,3,4,2,0,1,0,1,0,1,0,1,1,2
169,GP,M,16,R,GT3,T,2,2,at_home,other,course,mother,3,1,0,no,no,no,no,no,yes,no,no,4,2,2,1,2,3,4,12,10,11,0,1,1,1,0,3,4,2,0,1,1,1,1,1,0,1,1,2
170,GP,M,16,U,GT3,T,3,3,other,services,course,father,1,2,1,no,yes,no,no,yes,yes,yes,yes,4,5,5,4,4,5,0,10,10,1,0,1,0,1,0,4,2,2,1,1,0,1,1,0,0,0,0,2
171,GP,M,16,U,LE3,T,1,2,health,services,course,mother,2,1,2,no,no,no,no,no,yes,yes,no,4,4,5,3,5,5,0,9,8,10,0,1,0,0,0,1,2,2,0,1,1,1,1,1,0,0,1,1
172,GP,M,17,R,LE3,T,2,1,at_home,other,course,mother,2,1,1,no,no,yes,yes,yes,no,yes,yes,3,3,2,2,2,5,8,8,8,9,0,1,1,0,0,3,4,2,0,1,1,0,0,0,1,0,0,2
173,GP,M,17,R,GT3,T,3,2,other,other,course,mother,2,2,2,yes,yes,no,no,yes,yes,yes,yes,4,4,4,1,4,3,4,7,6,8,0,1,1,1,0,4,4,2,0,0,0,1,1,0,0,0,0,1
174,GP,M,15,U,LE3,T,1,2,other,other,course,mother,2,1,0,no,no,no,yes,yes,yes,no,no,4,4,4,2,4,5,2,8,9,10,0,1,0,0,0,4,4,2,0,1,1,1,0,0,0,1,1,1
175,GP,M,16,U,GT3,T,1,3,at_home,services,course,father,1,1,1,no,no,no,no,yes,no,yes,no,5,3,3,1,4,2,2,9,8,8,0,1,0,1,0,3,2,2,1,1,1,1,1,0,1,0,1,1
176,GP,M,17,R,LE3,T,1,1,other,services,course,mother,4,2,0,no,no,no,yes,yes,no,no,yes,5,3,5,1,5,5,0,8,8,8,0,1,1,0,0,4,2,2,0,1,1,1,0,0,1,1,0,2
177,GP,M,17,U,GT3,T,3,2,services,services,course,mother,2,1,3,no,yes,no,yes,no,no,no,no,4,5,2,1,1,2,10,8,7,8,0,1,0,1,0,2,2,2,0,1,0,1,0,1,1,1,1,1
178,GP,M,16,U,GT3,T,2,2,other,other,course,father,1,2,0,no,no,no,no,yes,no,yes,no,4,3,5,2,4,4,0,9,10,11,0,1,0,1,0,4,4,2,1,1,1,1,1,0,1,0,1,2
179,GP,F,16,U,GT3,T,4,2,health,services,home,father,1,2,0,no,no,no,no,yes,yes,yes,yes,4,2,3,1,1,3,0,17,17,18,0,0,0,1,0,1,2,0,1,1,1,1,1,0,0,0,0,2
180,GP,F,16,U,GT3,T,2,2,other,other,home,mother,1,2,0,no,yes,no,no,no,yes,yes,no,5,1,5,1,1,4,0,12,12,13,0,0,0,1,0,4,4,0,0,1,0,1,1,1,0,0,1,2
181,GP,F,16,U,GT3,T,4,4,health,health,reputation,mother,1,2,0,no,yes,no,no,yes,yes,yes,yes,4,4,2,1,1,3,0,16,16,17,0,0,0,1,0,1,1,1,0,1,0,1,1,0,0,0,0,2
182,GP,M,16,U,GT3,T,3,4,other,other,course,father,3,1,1,no,yes,no,yes,no,yes,yes,no,3,4,5,2,4,2,4,9,9,10,0,1,0,1,0,4,4,2,1,1,0,1,0,1,0,0,1,2
183,GP,M,16,U,GT3,T,1,0,other,other,reputation,mother,2,2,0,no,yes,no,yes,yes,yes,yes,yes,4,3,2,1,1,3,0,16,17,18,0,1,0,1,0,4,4,1,0,1,0,1,0,0,0,0,0,2
184,GP,M,17,U,LE3,T,4,4,teacher,other,reputation,mother,1,2,0,no,yes,no,yes,yes,yes,yes,no,4,4,4,1,3,5,0,11,9,10,0,1,0,0,0,0,4,1,0,1,0,1,0,0,0,0,1,2
185,GP,F,16,U,GT3,T,1,3,at_home,services,home,mother,1,2,0,no,no,no,yes,no,yes,yes,yes,4,3,5,1,1,3,0,14,13,13,0,0,0,1,0,3,2,0,0,1,1,1,0,1,0,0,0,2
186,GP,F,16,U,LE3,T,3,3,other,other,reputation,mother,2,2,0,no,yes,no,yes,yes,yes,yes,no,4,4,5,1,1,4,0,14,14,15,0,0,0,0,0,4,4,1,0,1,0,1,0,0,0,0,1,2
187,GP,M,17,U,LE3,T,4,3,teacher,other,course,mother,2,2,0,no,no,no,yes,yes,yes,yes,no,4,4,4,4,4,4,0,10,11,11,0,1,0,0,0,0,4,2,0,1,1,1,0,0,0,0,1,2
188,GP,F,16,U,GT3,T,2,2,services,other,reputation,mother,2,2,0,no,no,no,yes,no,yes,yes,no,3,4,4,1,4,5,0,13,12,14,0,0,0,1,0,2,4,1,0,1,1,1,0,1,0,0,1,2
189,GP,M,17,U,GT3,T,3,3,other,other,reputation,father,1,2,0,no,no,no,yes,no,yes,yes,no,4,3,4,1,4,4,4,11,9,10,0,1,0,1,0,4,4,1,1,1,1,1,0,1,0,0,1,2
190,GP,M,16,R,GT3,T,4,2,teacher,services,other,mother,1,1,0,no,yes,no,yes,yes,yes,yes,yes,4,3,3,3,4,3,8,10,9,11,0,1,1,1,0,0,2,3,0,1,0,1,0,0,0,0,0,2
191,GP,M,17,U,GT3,T,4,3,other,other,course,mother,1,2,0,no,yes,yes,yes,yes,yes,yes,yes,5,2,3,1,1,2,4,11,11,13,0,1,0,1,0,4,4,2,0,1,0,0,0,0,0,0,0,2
192,GP,M,16,U,GT3,T,4,3,teacher,other,home,mother,1,2,0,no,yes,yes,yes,yes,yes,yes,no,3,4,3,2,3,3,4,11,10,11,0,1,0,1,0,0,4,0,0,1,0,0,0,0,0,0,1,2
193,GP,F,17,U,GT3,T,2,4,services,services,reputation,father,1,2,0,no,yes,no,yes,yes,yes,no,no,5,4,2,2,3,5,0,17,18,17,0,0,0,1,0,2,2,1,1,1,0,1,0,0,0,1,1,2
194,GP,F,17,U,LE3,T,3,3,other,other,reputation,mother,1,2,0,no,yes,no,yes,yes,yes,yes,yes,5,3,3,2,3,1,32,14,13,14,0,0,0,0,0,4,4,1,0,1,0,1,0,0,0,0,0,2
195,GP,F,16,U,GT3,T,3,2,other,other,reputation,mother,1,2,0,no,yes,no,no,yes,yes,yes,no,1,2,2,1,2,1,8,14,15,16,0,0,0,1,0,4,4,1,0,1,0,1,1,0,0,0,1,2
196,GP,M,17,U,GT3,T,3,3,services,services,other,mother,1,2,0,no,yes,no,yes,yes,yes,yes,yes,4,3,4,2,3,4,6,11,13,14,0,1,0,1,0,2,2,3,0,1,0,1,0,0,0,0,0,2
197,GP,M,16,U,GT3,T,1,2,services,services,other,mother,1,1,0,no,yes,no,yes,yes,yes,yes,yes,3,3,3,1,2,3,0,10,9,11,0,1,0,1,0,2,2,3,0,1,0,1,0,0,0,0,0,2
198,GP,M,16,U,LE3,T,2,1,other,other,course,mother,1,2,0,no,no,no,yes,yes,yes,yes,yes,4,2,3,1,2,5,0,13,14,16,0,1,0,0,0,4,4,2,0,1,1,1,0,0,0,0,0,2
199,GP,F,17,U,GT3,A,3,3,health,other,reputation,mother,1,2,0,no,yes,no,no,no,yes,yes,yes,3,3,3,1,3,3,10,12,13,14,0,0,0,1,1,1,4,1,0,1,0,1,1,1,0,0,0,2
200,GP,M,17,R,GT3,T,1,2,at_home,other,home,mother,1,2,0,no,no,no,no,yes,yes,no,no,3,1,3,1,5,3,6,9,9,10,0,1,1,1,0,3,4,0,0,1,1,1,1,0,0,1,1,2
201,GP,F,16,U,GT3,T,2,3,services,services,course,mother,1,2,0,no,no,no,no,yes,yes,yes,no,4,3,3,1,1,2,6,12,12,13,0,0,0,1,0,2,2,2,0,1,1,1,1,0,0,0,1,2
202,GP,F,17,U,GT3,T,1,1,at_home,services,course,mother,1,2,0,no,no,no,yes,yes,yes,yes,no,5,3,3,1,1,3,0,12,11,12,0,0,0,1,0,3,2,2,0,1,1,1,0,0,0,0,1,2
203,GP,M,17,U,GT3,T,1,2,at_home,services,other,other,2,2,0,no,no,no,yes,no,yes,yes,no,4,4,4,4,5,5,16,10,11,12,0,1,0,1,0,3,2,3,2,1,1,1,0,1,0,0,1,2
204,GP,M,16,R,GT3,T,3,3,services,services,reputation,mother,1,1,0,no,yes,no,yes,yes,yes,yes,no,4,3,2,3,4,5,0,11,10,10,0,1,1,1,0,2,2,1,0,1,0,1,0,0,0,0,1,2
205,GP,M,16,U,GT3,T,2,3,other,other,home,father,2,1,0,no,no,no,no,yes,yes,yes,no,5,3,3,1,1,3,0,13,12,12,0,1,0,1,0,4,4,0,1,1,1,1,1,0,0,0,1,2
206,GP,F,17,U,LE3,T,2,4,services,services,course,father,1,2,0,no,no,no,yes,yes,yes,yes,yes,4,3,2,1,1,5,8,14,15,16,0,0,0,0,0,2,2,2,1,1,1,1,0,0,0,0,0,2
207,GP,M,17,U,GT3,T,4,4,services,teacher,home,mother,1,1,0,no,no,no,no,yes,yes,yes,no,5,2,3,1,2,5,4,13,13,14,0,1,0,1,0,2,0,0,0,1,1,1,1,0,0,0,1,2
208,GP,M,16,R,LE3,T,3,3,teacher,other,home,father,3,1,0,no,yes,no,yes,yes,yes,yes,no,3,3,4,3,5,3,16,10,11,12,0,1,1,0,0,0,4,0,1,1,0,1,0,0,0,0,1,2
209,GP,F,17,U,GT3,T,4,4,services,teacher,home,mother,2,1,1,no,yes,no,no,yes,yes,yes,no,4,2,4,2,3,2,30,14,15,16,0,0,0,1,0,2,0,0,0,1,0,1,1,0,0,0,1,2
210,GP,F,16,U,LE3,T,4,4,teacher,teacher,reputation,mother,1,2,0,no,yes,no,no,yes,yes,yes,no,4,5,2,1,2,3,0,11,10,11,0,0,0,0,0,0,0,1,0,1,0,1,1,0,0,0,1,2
211,GP,F,16,U,GT3,T,4,3,health,other,home,mother,1,2,0,no,yes,no,yes,yes,yes,yes,no,4,3,5,1,5,2,2,14,14,15,0,0,0,1,0,1,4,0,0,1,0,1,0,0,0,0,1,2
212,GP,F,16,U,GT3,T,2,3,other,other,reputation,mother,1,2,0,yes,yes,no,yes,yes,yes,no,no,4,4,3,1,3,4,4,11,12,12,0,0,0,1,0,4,4,1,0,0,0,1,0,0,0,1,1,2
213,GP,F,17,U,GT3,T,1,1,other,other,course,mother,1,2,0,no,yes,no,no,no,yes,no,no,4,4,4,1,3,1,0,14,15,15,0,0,0,1,0,4,4,2,0,1,0,1,1,1,0,1,1,2
214,GP,F,17,R,GT3,T,2,2,other,other,reputation,mother,1,1,0,no,yes,no,no,yes,yes,yes,no,5,3,2,1,2,3,21,13,13,13,0,0,1,1,0,4,4,1,0,1,0,1,1,0,0,0,1,2
215,GP,F,16,R,GT3,T,2,2,services,services,reputation,mother,2,4,0,no,yes,no,yes,no,yes,yes,no,5,3,5,1,1,5,6,13,13,13,0,0,1,1,0,2,2,1,0,1,0,1,0,1,0,0,1,2
216,GP,F,17,U,GT3,T,3,4,at_home,services,home,mother,1,3,1,no,yes,yes,no,yes,yes,yes,yes,4,4,3,3,4,5,14,8,9,8,0,0,0,1,0,3,2,0,0,1,0,0,1,0,0,0,0,2
217,GP,F,16,U,GT3,A,3,1,services,other,course,mother,1,2,0,no,yes,no,no,yes,yes,yes,no,2,3,3,2,2,4,2,11,11,12,0,0,0,1,1,2,4,2,0,1,0,1,1,0,0,0,1,2
218,GP,F,16,U,GT3,T,4,3,teacher,other,other,mother,1,2,0,no,no,no,yes,yes,yes,yes,yes,1,3,2,1,1,1,4,14,15,15,0,0,0,1,0,0,4,3,0,1,1,1,0,0,0,0,0,2
219,GP,F,16,U,GT3,T,1,1,at_home,other,home,mother,2,1,0,no,yes,no,no,yes,yes,no,no,4,3,2,1,4,5,2,12,13,13,0,0,0,1,0,3,4,0,0,1,0,1,1,0,0,1,1,2
220,GP,F,17,R,GT3,T,4,3,teacher,other,reputation,mother,2,3,0,no,yes,no,yes,yes,yes,yes,yes,4,4,2,1,1,4,0,11,12,12,0,0,1,1,0,0,4,1,0,1,0,1,0,0,0,0,0,2
221,GP,F,19,U,GT3,T,3,3,other,other,reputation,other,1,4,0,no,yes,no,yes,yes,yes,yes,no,4,3,3,1,2,3,4,12,12,12,0,0,0,1,0,4,4,1,2,1,0,1,0,0,0,0,1,2
222,GP,M,17,U,LE3,T,4,4,services,other,home,mother,1,2,0,no,yes,no,no,yes,yes,yes,yes,5,3,5,4,5,3,15,13,12,12,0,1,0,0,0,2,4,0,0,1,0,1,1,0,0,0,0,2
223,GP,F,16,U,GT3,A,2,2,other,other,reputation,mother,1,2,0,yes,yes,no,no,yes,yes,yes,no,3,3,4,1,1,4,0,13,13,13,0,0,0,1,1,4,4,1,0,0,0,1,1,0,0,0,1,2
224,GP,M,18,U,GT3,T,2,2,services,other,home,mother,1,2,0,no,yes,no,yes,yes,yes,yes,no,4,4,4,2,4,5,10,12,11,11,0,1,0,1,0,2,4,0,0,1,0,1,0,0,0,0,1,2
225,GP,F,17,R,LE3,T,4,4,services,other,other,mother,1,1,0,no,yes,no,no,yes,yes,no,no,5,2,1,1,2,3,6,12,11,11,0,0,1,0,0,2,4,3,0,1,0,1,1,0,0,1,1,2
226,GP,F,17,U,LE3,T,3,2,other,other,reputation,mother,2,2,0,no,no,no,no,yes,yes,yes,no,4,4,4,1,3,1,2,14,16,15,0,0,0,0,0,4,4,1,0,1,1,1,1,0,0,0,1,2
227,GP,F,17,U,GT3,T,4,3,other,other,reputation,mother,1,2,0,no,no,no,no,yes,yes,yes,yes,3,4,5,2,4,1,16,11,9,10,0,0,0,1,0,4,4,1,0,1,1,1,1,0,0,0,0,2
228,GP,M,18,U,LE3,T,3,3,services,health,home,father,1,2,0,no,yes,no,no,yes,yes,yes,no,3,2,4,2,4,4,10,10,10,10,0,1,0,0,0,2,1,0,1,1,0,1,1,0,0,0,1,2
229,GP,F,17,U,GT3,T,2,3,at_home,other,home,father,2,1,0,no,yes,no,no,yes,yes,no,no,3,3,3,1,4,3,4,12,13,13,0,0,0,1,0,3,4,0,1,1,0,1,1,0,0,1,1,2
230,GP,F,17,U,GT3,T,2,2,at_home,at_home,course,mother,1,3,0,no,yes,no,yes,yes,yes,yes,no,4,3,3,1,1,4,0,12,12,13,0,0,0,1,0,3,3,2,0,1,0,1,0,0,0,0,1,2
231,GP,F,17,R,GT3,T,2,1,at_home,services,reputation,mother,2,2,0,no,yes,no,yes,yes,yes,yes,no,4,2,5,1,2,5,0,11,10,11,0,0,1,1,0,3,2,1,0,1,0,1,0,0,0,0,1,2
232,GP,F,17,U,GT3,T,1,1,at_home,other,reputation,mother,1,3,0,no,yes,no,yes,yes,yes,no,yes,4,3,4,1,1,5,12,12,12,12,0,0,0,1,0,3,4,1,0,1,0,1,0,0,0,1,0,2
233,GP,F,16,U,GT3,T,2,3,services,teacher,other,mother,1,2,0,yes,no,no,no,yes,yes,yes,no,2,3,1,1,1,3,0,13,13,14,0,0,0,1,0,2,0,3,0,0,1,1,1,0,0,0,1,2
234,GP,M,18,U,GT3,T,2,2,other,other,home,mother,2,2,3,no,yes,yes,no,yes,yes,yes,no,3,3,3,5,5,4,9,10,9,10,0,1,0,1,0,4,4,0,0,1,0,0,1,0,0,0,1,2
235,GP,F,16,U,GT3,T,4,4,teacher,services,home,mother,1,3,0,no,yes,no,yes,no,yes,yes,no,5,3,2,1,1,5,4,15,16,16,0,0,0,1,0,0,2,0,0,1,0,1,0,1,0,0,1,2
236,GP,F,18,R,GT3,T,3,1,other,other,reputation,mother,1,2,0,no,no,no,yes,yes,yes,yes,yes,5,3,3,1,1,4,4,8,8,8,0,0,1,1,0,4,4,1,0,1,1,1,0,0,0,0,0,2
237,GP,F,17,U,GT3,T,3,2,other,other,course,mother,1,2,0,no,no,no,yes,no,yes,yes,no,5,3,4,1,3,3,2,17,18,17,0,0,0,1,0,4,4,2,0,1,1,1,0,1,0,0,1,2
238,GP,M,17,U,LE3,T,2,3,services,services,reputation,father,1,2,0,no,yes,no,no,no,yes,yes,no,5,3,3,1,3,3,0,10,11,11,0,1,0,0,0,2,2,1,1,1,0,1,1,1,0,0,1,2
239,GP,M,18,U,LE3,T,2,1,at_home,other,course,mother,4,2,0,yes,yes,no,yes,yes,yes,yes,yes,4,3,2,4,5,3,2,9,10,11,0,1,0,0,0,3,4,2,0,0,0,1,0,0,0,0,0,2
240,GP,F,17,U,GT3,A,2,1,other,other,course,mother,2,3,0,no,no,no,yes,yes,yes,yes,yes,3,2,3,1,2,3,0,15,15,16,0,0,0,1,1,4,4,2,0,1,1,1,0,0,0,0,0,2
241,GP,F,17,U,LE3,T,4,3,health,other,reputation,father,1,2,0,no,no,no,yes,yes,yes,yes,yes,3,2,3,1,2,3,0,14,12,12,0,0,0,0,0,1,4,1,1,1,1,1,0,0,0,0,0,2
242,GP,M,17,R,GT3,T,2,2,other,other,course,father,2,2,0,no,yes,no,yes,yes,yes,yes,no,4,5,2,1,1,1,0,12,13,13,0,1,1,1,0,4,4,2,1,1,0,1,0,0,0,0,1,2
243,GP,M,17,U,GT3,T,4,4,teacher,teacher,reputation,mother,1,2,0,yes,yes,no,yes,yes,yes,yes,yes,4,5,5,1,3,2,0,13,13,13,0,1,0,1,0,0,0,1,0,0,0,1,0,0,0,0,0,2
244,GP,M,16,U,GT3,T,4,4,health,other,reputation,father,1,2,0,no,yes,no,yes,yes,yes,yes,no,4,2,4,2,4,1,0,13,13,14,0,1,0,1,0,1,4,1,1,1,0,1,0,0,0,0,1,2
245,GP,M,16,U,LE3,T,1,1,other,other,home,mother,2,2,0,no,yes,no,no,yes,yes,yes,no,3,4,2,1,1,5,2,9,9,9,0,1,0,0,0,4,4,0,0,1,0,1,1,0,0,0,1,2
246,GP,M,16,U,GT3,T,3,2,at_home,other,reputation,mother,2,3,0,no,no,no,yes,yes,yes,yes,yes,5,3,3,1,3,2,0,12,12,12,0,1,0,1,0,3,4,1,0,1,1,1,0,0,0,0,0,2
247,GP,M,17,U,LE3,T,2,2,other,other,home,father,1,2,0,no,no,no,yes,no,yes,yes,yes,4,4,2,5,5,4,0,16,16,16,0,1,0,0,0,4,4,0,1,1,1,1,0,1,0,0,0,2
248,GP,F,16,U,GT3,T,2,1,other,other,home,mother,1,1,0,no,no,no,no,yes,yes,yes,yes,4,5,2,1,1,5,4,9,10,10,0,0,0,1,0,4,4,0,0,1,1,1,1,0,0,0,0,2
249,GP,F,16,U,GT3,A,4,1,other,other,home,mother,1,2,0,no,no,no,yes,yes,yes,yes,yes,5,3,3,1,2,5,0,14,13,13,0,0,0,1,1,4,4,0,0,1,1,1,0,0,0,0,0,1
250,GP,F,18,U,LE3,A,2,4,services,other,course,mother,2,2,1,no,yes,no,no,yes,yes,yes,no,4,3,3,1,1,3,18,10,10,10,0,0,0,0,1,2,4,2,0,1,0,1,1,0,0,0,1,1
251,GP,F,18,U,LE3,T,2,2,at_home,services,course,mother,1,2,1,no,yes,no,no,no,yes,yes,yes,5,3,1,1,1,5,16,9,8,10,0,0,0,0,0,3,2,2,0,1,0,1,1,1,0,0,0,1
252,GP,F,18,U,GT3,T,3,3,other,other,course,mother,2,1,1,no,no,no,no,yes,no,yes,no,4,1,1,1,1,3,14,8,7,7,0,0,0,1,0,4,4,2,0,1,1,1,1,0,1,0,1,1
253,GP,M,18,U,GT3,T,2,2,other,at_home,course,other,1,1,1,no,yes,no,yes,no,no,yes,yes,4,4,3,2,2,1,26,7,8,8,0,1,0,1,0,4,3,2,2,1,0,1,0,1,1,0,0,1
254,GP,M,17,U,GT3,T,4,4,teacher,teacher,course,mother,1,1,0,no,yes,no,yes,no,yes,yes,no,4,2,1,1,2,5,6,10,8,9,0,1,0,1,0,0,0,2,0,1,0,1,0,1,0,0,1,1
255,GP,F,17,U,GT3,T,3,2,other,other,course,father,1,2,0,no,no,no,yes,yes,yes,no,no,5,4,2,1,1,3,4,14,14,15,0,0,0,1,0,4,4,2,1,1,1,1,0,0,0,1,1,1
256,GP,F,17,U,LE3,T,1,1,at_home,at_home,course,mother,1,3,0,no,yes,no,yes,yes,yes,yes,yes,4,3,2,1,2,4,10,11,10,10,0,0,0,0,0,3,3,2,0,1,0,1,0,0,0,0,0,1
257,GP,F,16,U,GT3,T,1,2,other,other,course,mother,1,1,0,no,no,no,no,yes,no,yes,no,5,3,5,1,2,5,4,12,11,11,0,0,0,1,0,4,4,2,0,1,1,1,1,0,1,0,1,1
258,GP,F,17,R,GT3,T,2,1,at_home,services,course,mother,3,2,0,no,no,no,yes,yes,yes,no,no,2,1,1,1,1,3,2,13,13,13,0,0,1,1,0,3,2,2,0,1,1,1,0,0,0,1,1,2
259,GP,F,17,R,LE3,A,1,4,other,other,course,other,4,1,1,no,yes,no,no,yes,yes,yes,no,5,5,4,1,1,5,14,9,9,8,0,0,1,0,1,4,4,2,2,1,0,1,1,0,0,0,1,1
260,GP,M,18,U,GT3,T,2,2,other,services,reputation,father,1,2,0,no,no,no,no,yes,no,yes,no,5,5,4,3,5,2,16,8,7,8,0,1,0,1,0,4,2,1,1,1,1,1,1,0,1,0,1,2
261,GP,F,17,U,LE3,A,2,2,other,other,home,mother,1,1,1,no,yes,no,no,no,no,yes,no,3,1,2,1,1,1,8,11,9,10,0,0,0,0,1,4,4,0,0,1,0,1,1,1,1,0,1,1
262,GP,F,17,R,LE3,T,1,1,at_home,other,course,mother,2,3,0,no,no,no,yes,yes,yes,yes,no,4,3,3,1,3,5,4,15,14,15,0,0,1,0,0,3,4,2,0,1,1,1,0,0,0,0,1,1
263,GP,F,17,U,LE3,A,4,2,teacher,other,course,mother,1,2,0,no,yes,no,yes,yes,yes,no,no,4,3,2,1,1,4,4,15,14,14,0,0,0,0,1,0,4,2,0,1,0,1,0,0,0,1,1,1
264,GP,M,17,U,LE3,T,4,3,health,other,course,mother,2,2,0,no,no,no,yes,yes,yes,yes,yes,2,5,5,1,4,5,8,15,15,15,0,1,0,0,0,1,4,2,0,1,1,1,0,0,0,0,0,2
265,GP,M,17,R,LE3,A,4,4,teacher,other,course,mother,2,2,0,no,yes,no,no,yes,yes,yes,no,3,3,3,2,3,4,0,12,12,12,0,1,1,0,1,0,4,2,0,1,0,1,1,0,0,0,1,2
266,GP,M,16,U,LE3,T,4,3,teacher,other,course,mother,1,1,0,no,no,no,yes,no,yes,yes,no,5,4,5,1,1,3,7,14,14,15,0,1,0,0,0,0,4,2,0,1,1,1,0,1,0,0,1,2
267,GP,F,17,U,GT3,T,4,4,teacher,services,course,mother,1,2,0,no,yes,yes,no,yes,yes,yes,yes,5,3,1,1,4,5,2,11,11,12,0,0,0,1,0,0,2,2,0,1,0,0,1,0,0,0,0,2
268,GP,M,17,R,GT3,T,1,1,other,other,home,father,2,3,0,no,no,no,no,no,yes,yes,yes,4,3,3,1,1,1,2,13,14,15,0,1,1,1,0,4,4,0,1,1,1,1,1,1,0,0,0,1
269,GP,F,17,U,GT3,T,3,3,services,other,home,mother,2,3,0,no,yes,no,no,yes,yes,yes,yes,4,2,2,2,3,5,10,11,11,11,0,0,0,1,0,2,4,0,0,1,0,1,1,0,0,0,0,1
270,GP,F,17,U,GT3,T,1,1,at_home,other,course,mother,1,2,0,yes,no,no,no,no,yes,no,yes,4,3,2,1,1,4,10,10,9,10,0,0,0,1,0,3,4,2,0,0,1,1,1,1,0,1,0,1
271,GP,F,18,U,GT3,T,2,1,other,other,course,other,2,3,0,no,yes,no,no,no,yes,yes,yes,4,4,4,1,1,3,10,12,10,11,0,0,0,1,0,4,4,2,2,1,0,1,1,1,0,0,0,2
272,GP,M,16,U,GT3,T,2,1,other,other,course,mother,3,1,0,no,no,no,no,yes,yes,yes,no,4,3,3,1,1,4,7,15,16,16,0,1,0,1,0,4,4,2,0,1,1,1,1,0,0,0,1,2
273,GP,F,17,U,GT3,T,1,1,other,services,course,father,1,2,0,no,yes,no,no,yes,yes,no,no,4,3,4,1,2,5,4,11,10,11,0,0,0,1,0,4,2,2,1,1,0,1,1,0,0,1,1,1
274,GP,M,17,U,GT3,T,2,3,other,other,course,father,2,1,0,no,no,no,no,yes,yes,yes,no,5,2,2,1,1,2,2,9,12,13,0,1,0,1,0,4,4,2,1,1,1,1,1,0,0,0,1,2
275,GP,M,22,U,GT3,T,3,1,services,services,other,mother,1,1,3,no,no,no,no,no,no,yes,yes,5,4,5,5,5,1,12,7,8,5,0,1,0,1,0,2,2,3,0,1,1,1,1,1,1,0,0,2
276,GP,M,18,R,LE3,T,3,3,other,services,course,mother,1,2,0,no,yes,no,no,yes,yes,yes,yes,4,3,3,1,3,5,8,10,9,10,0,1,1,0,0,4,2,2,0,1,0,1,1,0,0,0,0,2
277,GP,M,16,U,GT3,T,0,2,other,other,other,mother,1,1,0,no,no,no,no,no,yes,yes,no,4,3,2,2,4,5,0,11,12,11,0,1,0,1,0,4,4,3,0,1,1,1,1,1,0,0,1,2
278,GP,M,18,U,GT3,T,3,2,services,other,course,mother,2,1,0,no,no,no,no,yes,no,yes,no,4,4,5,2,4,5,8,7,8,7,0,1,0,1,0,2,4,2,0,1,1,1,1,0,1,0,1,2
279,GP,M,16,U,GT3,T,3,3,at_home,other,reputation,other,3,2,1,yes,yes,no,no,no,yes,yes,no,5,3,3,1,3,2,4,9,11,10,0,1,0,1,0,3,4,1,2,0,0,1,1,1,0,0,1,2
280,GP,M,18,U,GT3,T,2,1,services,services,other,mother,1,1,2,no,no,no,no,no,no,yes,no,3,2,5,2,5,5,4,7,8,6,0,1,0,1,0,2,2,3,0,1,1,1,1,1,1,0,1,2
281,GP,M,16,R,GT3,T,2,1,other,other,course,mother,2,1,0,no,no,no,yes,no,yes,no,no,3,3,2,1,3,3,2,14,13,12,0,1,1,1,0,4,4,2,0,1,1,1,0,1,0,1,1,2
282,GP,M,17,R,GT3,T,2,1,other,other,course,mother,1,1,0,no,no,no,no,no,yes,yes,no,4,4,2,2,4,5,0,12,12,13,0,1,1,1,0,4,4,2,0,1,1,1,1,1,0,0,1,2
283,GP,M,17,U,LE3,T,1,1,health,other,course,mother,2,1,1,no,yes,no,yes,yes,yes,yes,no,4,4,4,1,2,5,0,9,10,10,0,1,0,0,0,1,4,2,0,1,0,1,0,0,0,0,1,2
284,GP,F,18,U,LE3,A,2,1,other,other,course,mother,1,2,0,no,yes,no,no,no,yes,yes,yes,4,3,4,1,3,5,2,12,12,13,0,0,0,0,1,4,4,2,0,1,0,1,1,1,0,0,0,1
285,GP,F,17,U,LE3,T,4,2,teacher,services,reputation,mother,1,4,0,no,yes,no,yes,yes,yes,yes,no,4,2,3,1,1,4,2,14,15,17,0,0,0,0,0,0,2,1,0,1,0,1,0,0,0,0,1,2
286,GP,F,19,U,GT3,T,2,2,services,services,home,mother,1,2,0,no,yes,no,no,yes,yes,yes,no,4,3,3,1,1,5,0,10,10,11,0,0,0,1,0,2,2,0,0,1,0,1,1,0,0,0,1,1
287,GP,M,18,U,LE3,T,2,1,services,other,course,mother,3,2,1,no,no,no,yes,no,no,yes,no,4,4,5,4,4,5,4,11,10,11,0,1,0,0,0,2,4,2,0,1,1,1,0,1,1,0,1,1
288,GP,F,17,R,GT3,T,4,2,other,other,course,mother,1,3,0,no,yes,no,yes,yes,yes,yes,no,4,3,4,1,3,5,2,11,12,14,0,0,1,1,0,4,4,2,0,1,0,1,0,0,0,0,1,1
289,GP,F,18,U,LE3,T,1,1,other,at_home,home,mother,1,3,0,no,yes,no,no,no,yes,no,no,4,4,3,2,3,3,4,11,12,14,0,0,0,0,0,4,3,0,0,1,0,1,1,1,0,1,1,1
290,GP,F,18,R,GT3,T,2,2,other,other,home,mother,1,2,0,yes,no,no,no,yes,yes,no,no,3,2,3,1,1,5,4,11,11,13,0,0,1,1,0,4,4,0,0,0,1,1,1,0,0,1,1,1
291,GP,M,19,U,LE3,A,4,3,services,at_home,reputation,mother,1,2,0,no,yes,no,no,yes,yes,yes,no,4,3,1,1,1,1,4,11,13,14,0,1,0,0,1,2,3,1,0,1,0,1,1,0,0,0,1,2
292,GP,M,18,U,GT3,T,2,1,other,other,home,mother,1,2,0,no,no,no,yes,yes,yes,yes,no,5,2,4,1,2,4,2,16,16,16,0,1,0,1,0,4,4,0,0,1,1,1,0,0,0,0,1,2
293,GP,M,17,R,GT3,T,2,2,other,services,other,mother,2,1,0,no,no,no,no,no,no,no,no,5,2,2,1,1,4,0,9,10,10,0,1,1,1,0,4,2,3,0,1,1,1,1,1,1,1,1,1
294,GP,F,17,U,LE3,T,2,2,services,services,course,father,1,4,0,no,no,no,yes,yes,yes,yes,yes,3,4,1,1,1,2,2,10,11,12,0,0,0,0,0,2,2,2,1,1,1,1,0,0,0,0,0,2
295,GP,F,20,R,GT3,T,2,1,other,other,course,other,2,2,0,no,yes,yes,yes,yes,no,yes,yes,1,2,3,1,2,2,8,10,12,12,0,0,1,1,0,4,4,2,2,1,0,0,0,0,1,0,0,1
296,GP,F,18,U,GT3,T,4,3,services,other,home,father,1,2,0,no,yes,no,no,yes,yes,yes,yes,3,1,2,1,3,2,2,15,15,15,0,0,0,1,0,2,4,0,1,1,0,1,1,0,0,0,0,2
297,GP,M,18,U,GT3,T,4,3,teacher,other,course,mother,1,2,0,no,yes,no,no,no,yes,yes,no,4,3,2,1,1,3,2,10,10,11,0,1,0,1,0,0,4,2,0,1,0,1,1,1,0,0,1,2
298,GP,M,18,R,GT3,T,3,2,other,other,course,mother,1,3,0,no,no,no,yes,no,yes,no,no,5,3,2,1,1,3,2,10,11,12,0,1,1,1,0,4,4,2,0,1,1,1,0,1,0,1,1,2
299,GP,F,17,U,GT3,T,3,3,other,other,home,mother,1,3,0,no,no,no,yes,no,yes,no,no,3,2,3,1,1,4,2,15,12,13,0,0,0,1,0,4,4,0,0,1,1,1,0,1,0,1,1,2
300,GP,F,18,U,GT3,T,2,2,at_home,services,home,mother,1,3,0,no,yes,no,yes,yes,yes,yes,yes,4,3,3,1,1,3,0,11,12,13,0,0,0,1,0,3,2,0,0,1,0,1,0,0,0,0,0,2
301,GP,M,17,U,GT3,T,2,2,other,other,home,father,2,1,0,no,no,no,no,yes,no,yes,no,4,4,4,2,3,4,8,8,8,9,0,1,0,1,0,4,4,0,1,1,1,1,1,0,1,0,1,1
302,GP,M,18,R,LE3,A,3,4,other,other,reputation,mother,2,2,0,no,yes,no,yes,yes,yes,yes,no,4,2,5,3,4,1,6,15,16,16,0,1,1,0,1,4,4,1,0,1,0,1,0,0,0,0,1,2
303,GP,M,17,U,GT3,T,3,1,services,other,other,mother,1,2,0,no,no,no,yes,yes,yes,yes,yes,5,4,4,3,4,5,0,11,11,14,0,1,0,1,0,2,4,3,0,1,1,1,0,0,0,0,0,2
304,GP,F,18,R,GT3,T,4,4,teacher,other,reputation,mother,2,2,0,no,no,no,yes,yes,yes,yes,no,4,3,4,2,2,4,8,10,11,12,0,0,1,1,0,0,4,1,0,1,1,1,0,0,0,0,1,2
305,GP,M,18,U,GT3,T,4,2,health,other,reputation,father,1,2,0,no,yes,no,yes,yes,yes,yes,yes,5,4,5,1,3,5,4,10,12,14,0,1,0,1,0,1,4,1,1,1,0,1,0,0,0,0,0,2
306,GP,F,18,R,GT3,T,2,1,other,other,reputation,mother,2,2,0,no,yes,no,no,yes,no,yes,yes,4,3,5,1,2,3,12,8,9,10,0,0,1,1,0,4,4,1,0,1,0,1,1,0,1,0,0,2
307,GP,F,19,U,GT3,T,3,3,other,services,home,other,1,2,0,no,yes,no,yes,yes,yes,yes,no,4,3,5,3,3,5,16,11,12,12,0,0,0,1,0,4,2,0,2,1,0,1,0,0,0,0,1,2
308,GP,F,18,U,GT3,T,2,3,other,services,reputation,father,1,4,0,no,yes,no,yes,yes,yes,yes,yes,4,5,5,1,3,2,10,16,16,16,0,0,0,1,0,4,2,1,1,1,0,1,0,0,0,0,0,2
309,GP,F,18,U,LE3,T,1,1,other,other,home,mother,2,2,0,no,yes,no,no,no,yes,no,no,4,4,3,1,1,3,2,13,13,13,0,0,0,0,0,4,4,0,0,1,0,1,1,1,0,1,1,2
310,GP,M,17,R,GT3,T,1,2,at_home,at_home,home,mother,1,2,0,no,yes,no,yes,no,yes,no,yes,3,5,2,2,2,1,2,16,17,18,0,1,1,1,0,3,3,0,0,1,0,1,0,1,0,1,0,2
311,GP,F,18,U,GT3,T,2,1,other,other,home,mother,1,2,0,no,yes,no,no,yes,yes,yes,yes,4,2,5,1,2,1,8,14,14,15,0,0,0,1,0,4,4,0,0,1,0,1,1,0,0,0,0,1
312,GP,F,17,U,GT3,T,2,4,at_home,health,reputation,mother,2,2,0,no,yes,no,no,yes,yes,yes,yes,4,3,3,1,1,1,6,15,16,16,0,0,0,1,0,3,1,1,0,1,0,1,1,0,0,0,0,2
313,GP,F,17,U,LE3,T,2,2,services,other,course,mother,2,2,0,yes,yes,no,no,yes,yes,yes,yes,4,4,4,2,3,5,6,12,12,12,0,0,0,0,0,2,4,2,0,0,0,1,1,0,0,0,0,2
314,GP,F,18,R,GT3,A,3,2,other,services,home,mother,2,2,0,no,no,no,no,no,no,yes,yes,4,1,1,1,1,5,15,12,9,10,0,0,1,1,1,4,2,0,0,1,1,1,1,1,1,0,0,2
315,GP,M,18,U,GT3,T,4,4,teacher,services,home,mother,2,1,0,no,no,no,yes,yes,yes,yes,no,3,2,4,1,4,3,6,11,12,12,0,1,0,1,0,0,2,0,0,1,1,1,0,0,0,0,1,2
316,GP,F,18,U,GT3,T,4,4,health,health,reputation,father,1,2,1,yes,yes,no,yes,yes,yes,yes,yes,2,4,4,1,1,4,2,14,12,13,0,0,0,1,0,1,1,1,1,0,0,1,0,0,0,0,0,2
317,GP,F,17,U,GT3,T,2,2,other,services,reputation,father,3,3,0,no,yes,no,no,yes,yes,yes,yes,4,2,3,1,1,1,8,13,15,15,0,0,0,1,0,4,2,1,1,1,0,1,1,0,0,0,0,1
318,GP,F,19,R,GT3,T,3,2,services,services,reputation,father,1,2,1,yes,yes,no,no,yes,no,yes,no,3,3,3,4,3,3,0,9,8,10,0,0,1,1,0,2,2,1,1,0,0,1,1,0,1,0,1,1
319,GP,M,18,U,LE3,T,4,3,teacher,services,course,mother,2,1,0,no,no,no,yes,yes,yes,yes,no,4,2,3,1,2,1,0,10,10,10,0,1,0,0,0,0,2,2,0,1,1,1,0,0,0,0,1,2
320,GP,M,18,U,GT3,T,1,2,at_home,other,home,other,2,1,0,no,no,no,no,no,no,yes,no,3,4,4,2,4,4,10,10,10,11,0,1,0,1,0,3,4,0,2,1,1,1,1,1,1,0,1,1
321,GP,M,17,U,LE3,A,4,1,services,other,home,mother,2,1,0,no,no,no,yes,yes,yes,yes,yes,4,5,4,2,4,5,22,11,11,10,0,1,0,0,1,2,4,0,0,1,1,1,0,0,0,0,0,2
322,GP,M,17,U,LE3,A,3,2,teacher,services,home,mother,1,1,0,no,no,no,no,yes,yes,yes,no,4,4,4,3,4,3,18,13,13,13,0,1,0,0,1,0,2,0,0,1,1,1,1,0,0,0,1,2
323,GP,F,18,R,LE3,T,1,1,at_home,other,reputation,mother,2,4,0,no,yes,no,yes,yes,yes,no,no,5,2,2,1,1,3,2,17,17,18,0,0,1,0,0,3,4,1,0,1,0,1,0,0,0,1,1,2
324,GP,F,18,U,GT3,T,1,1,other,other,home,mother,2,2,0,yes,no,no,yes,yes,yes,yes,no,5,4,4,1,1,4,0,12,13,13,0,0,0,1,0,4,4,0,0,0,1,1,0,0,0,0,1,2
325,GP,F,17,U,GT3,T,2,2,other,other,course,mother,1,2,0,no,yes,no,no,no,yes,yes,no,5,4,5,1,2,5,12,12,12,14,0,0,0,1,0,4,4,2,0,1,0,1,1,1,0,0,1,2
326,GP,F,18,U,GT3,T,2,1,other,other,reputation,mother,2,2,0,no,no,no,yes,yes,yes,yes,yes,4,3,1,1,1,5,10,12,13,14,0,0,0,1,0,4,4,1,0,1,1,1,0,0,0,0,0,1
327,GP,M,17,U,GT3,T,1,1,other,other,reputation,father,1,2,0,no,no,no,no,no,yes,yes,no,4,3,3,1,2,4,0,12,12,12,0,1,0,1,0,4,4,1,1,1,1,1,1,1,0,0,1,2
328,GP,F,18,U,GT3,T,2,2,at_home,at_home,other,mother,1,3,0,no,yes,no,no,yes,yes,yes,no,4,3,3,1,2,2,0,18,18,18,0,0,0,1,0,3,3,3,0,1,0,1,1,0,0,0,1,2
329,GP,F,17,U,GT3,T,1,1,services,teacher,reputation,mother,1,3,0,no,yes,no,no,yes,yes,yes,no,4,3,3,1,1,3,0,13,13,14,0,0,0,1,0,2,0,1,0,1,0,1,1,0,0,0,1,2
330,GP,M,18,U,GT3,T,2,1,services,services,reputation,mother,1,3,0,no,no,no,yes,yes,yes,yes,no,4,2,4,1,3,2,0,14,15,15,0,1,0,1,0,2,2,1,0,1,1,1,0,0,0,0,1,2
331,GP,M,18,U,LE3,A,4,4,teacher,teacher,reputation,mother,1,2,0,no,yes,no,yes,yes,yes,yes,no,5,4,3,1,1,2,0,17,17,17,0,1,0,0,1,0,0,1,0,1,0,1,0,0,0,0,1,2
332,GP,M,18,U,GT3,T,4,2,teacher,other,home,mother,1,2,0,no,yes,no,yes,yes,yes,yes,yes,4,3,2,1,4,5,2,15,16,16,0,1,0,1,0,0,4,0,0,1,0,1,0,0,0,0,0,2
333,GP,F,17,U,GT3,T,4,3,health,services,reputation,mother,1,3,0,no,yes,no,no,yes,yes,yes,no,4,2,2,1,2,3,0,17,18,18,0,0,0,1,0,1,2,1,0,1,0,1,1,0,0,0,1,2
334,GP,F,17,R,LE3,T,3,1,services,other,reputation,mother,2,4,0,no,yes,no,no,yes,yes,no,no,3,1,2,1,1,3,0,18,19,19,0,0,1,0,0,2,4,1,0,1,0,1,1,0,0,1,1,2
335,GP,M,18,R,LE3,T,3,2,services,other,reputation,mother,2,3,0,no,yes,no,yes,yes,yes,yes,no,5,4,2,1,1,4,0,14,15,15,0,1,1,0,0,2,4,1,0,1,0,1,0,0,0,0,1,2
336,GP,M,17,U,GT3,T,3,3,health,other,home,mother,1,1,0,no,yes,no,no,yes,yes,yes,no,4,4,3,1,3,5,0,14,15,15,0,1,0,1,0,1,4,0,0,1,0,1,1,0,0,0,1,2
337,GP,F,19,U,GT3,T,4,4,health,other,reputation,other,2,2,0,no,yes,no,yes,yes,yes,yes,no,2,3,4,2,3,2,2,14,13,13,0,0,0,1,0,1,4,1,2,1,0,1,0,0,0,0,1,2
338,GP,F,18,U,LE3,T,4,3,other,other,home,other,2,2,0,no,yes,no,no,yes,yes,yes,yes,4,4,5,1,2,2,0,13,14,14,0,0,0,0,0,4,4,0,2,1,0,1,1,0,0,0,0,2
339,GP,F,18,U,GT3,T,4,3,other,other,reputation,father,1,4,0,no,yes,no,no,yes,yes,yes,no,4,3,3,1,1,3,0,16,17,17,0,0,0,1,0,4,4,1,1,1,0,1,1,0,0,0,1,2
340,GP,M,18,U,LE3,T,4,4,teacher,teacher,home,mother,1,1,0,no,yes,no,no,yes,yes,yes,yes,1,4,2,2,2,1,0,18,18,17,0,1,0,0,0,0,0,0,0,1,0,1,1,0,0,0,0,2
341,GP,F,18,U,LE3,A,4,4,health,other,home,mother,1,2,0,no,yes,yes,no,yes,yes,yes,yes,4,2,4,1,1,4,0,14,15,15,0,0,0,0,1,1,4,0,0,1,0,0,1,0,0,0,0,2
342,GP,M,17,U,LE3,T,4,4,other,teacher,home,father,2,1,0,no,no,no,no,yes,yes,yes,no,4,1,1,2,2,5,0,12,13,13,0,1,0,0,0,4,0,0,1,1,1,1,1,0,0,0,1,2
343,GP,F,17,R,GT3,T,4,4,services,services,reputation,mother,2,3,0,no,yes,no,yes,yes,yes,yes,no,5,3,4,1,1,5,0,7,7,8,0,0,1,1,0,2,2,1,0,1,0,1,0,0,0,0,1,1
344,GP,F,17,U,GT3,T,4,2,other,other,reputation,mother,2,3,0,no,yes,no,no,yes,yes,yes,no,4,3,3,1,1,3,0,16,16,16,0,0,0,1,0,4,4,1,0,1,0,1,1,0,0,0,1,2
345,GP,F,17,U,GT3,T,3,2,health,health,reputation,father,1,4,0,no,yes,no,yes,no,yes,yes,no,5,2,2,1,2,5,0,18,18,18,0,0,0,1,0,1,1,1,1,1,0,1,0,1,0,0,1,2
346,GP,M,19,R,LE3,T,2,1,at_home,services,course,mother,2,3,1,no,no,no,yes,yes,yes,yes,yes,4,3,1,1,1,5,0,9,10,11,0,1,1,0,0,3,2,2,0,1,1,1,0,0,0,0,0,1
347,GP,M,20,U,GT3,A,3,2,services,other,course,other,1,1,2,no,no,no,yes,yes,yes,no,no,5,5,3,1,1,5,0,14,15,15,0,1,0,1,1,2,4,2,2,1,1,1,0,0,0,1,1,2
348,GP,M,19,R,GT3,T,3,3,other,services,reputation,father,1,2,0,no,no,no,yes,yes,yes,no,yes,4,5,3,1,2,5,0,10,10,11,0,1,1,1,0,4,2,1,1,1,1,1,0,0,0,1,0,2
349,GP,F,18,U,GT3,T,1,4,other,teacher,home,mother,1,2,0,yes,yes,no,no,no,yes,no,yes,3,4,4,1,2,5,2,10,10,11,0,0,0,1,0,4,0,0,0,0,0,1,1,1,0,1,0,1
350,GP,F,18,U,GT3,T,2,1,services,other,course,mother,2,2,0,no,yes,no,yes,yes,yes,yes,no,5,3,3,1,2,1,2,12,12,15,0,0,0,1,0,2,4,2,0,1,0,1,0,0,0,0,1,2
351,GP,F,17,U,GT3,T,2,3,other,other,course,father,2,2,0,no,no,no,yes,yes,yes,yes,yes,4,2,1,1,1,3,2,11,12,14,0,0,0,1,0,4,4,2,1,1,1,1,0,0,0,0,0,1
352,GP,F,17,R,GT3,T,4,4,teacher,teacher,course,mother,1,1,0,no,no,no,yes,yes,yes,yes,no,4,4,4,1,1,5,2,15,16,17,0,0,1,1,0,0,0,2,0,1,1,1,0,0,0,0,1,1
353,GP,F,18,U,GT3,T,4,3,other,other,course,mother,1,3,0,no,yes,no,yes,yes,yes,yes,yes,4,3,4,1,1,5,2,14,15,17,0,0,0,1,0,4,4,2,0,1,0,1,0,0,0,0,0,2
354,GP,F,18,U,LE3,T,4,3,health,services,course,mother,2,1,0,no,yes,no,no,yes,yes,yes,no,3,2,4,1,4,1,8,12,12,15,0,0,0,0,0,1,2,2,0,1,0,1,1,0,0,0,1,1
355,GP,F,17,R,GT3,T,3,4,at_home,services,course,father,1,3,0,no,yes,no,yes,no,yes,yes,no,4,3,4,2,5,5,2,15,15,17,0,0,1,1,0,3,2,2,1,1,0,1,0,1,0,0,1,2
356,GP,F,18,U,GT3,T,3,3,at_home,other,course,father,1,2,0,no,yes,no,no,yes,yes,yes,no,4,1,4,1,1,3,8,11,12,14,0,0,0,1,0,3,4,2,1,1,0,1,1,0,0,0,1,1
357,GP,M,19,U,GT3,T,4,2,health,other,course,mother,2,2,0,no,yes,no,yes,yes,yes,yes,yes,5,4,4,1,1,1,9,11,10,10,0,1,0,1,0,1,4,2,0,1,0,1,0,0,0,0,0,1
358,GP,F,18,U,GT3,T,4,4,teacher,other,course,mother,1,2,0,no,yes,no,no,yes,yes,yes,no,4,4,4,3,3,5,0,12,11,13,0,0,0,1,0,0,4,2,0,1,0,1,1,0,0,0,1,2
359,GP,F,18,U,GT3,T,3,4,other,other,course,mother,1,1,0,no,yes,no,yes,yes,yes,yes,yes,5,4,4,1,1,1,4,11,12,14,0,0,0,1,0,4,4,2,0,1,0,1,0,0,0,0,0,1
360,GP,F,17,U,GT3,T,4,4,health,health,course,mother,1,1,0,no,no,no,yes,yes,yes,yes,no,5,3,4,1,2,5,2,14,15,17,0,0,0,1,0,1,1,2,0,1,1,1,0,0,0,0,1,1
361,GP,F,17,U,GT3,A,4,3,services,services,course,mother,1,2,0,no,yes,no,no,yes,yes,yes,yes,5,2,2,1,2,5,14,15,14,17,0,0,0,1,1,2,2,2,0,1,0,1,1,0,0,0,0,2
362,GP,F,17,U,LE3,A,3,3,services,other,home,mother,1,2,0,yes,yes,no,no,yes,yes,yes,no,5,3,3,1,1,5,0,12,12,13,0,0,0,0,1,2,4,0,0,0,0,1,1,0,0,0,1,1
363,GP,F,17,U,LE3,T,2,1,other,other,home,father,1,2,0,no,no,no,yes,yes,yes,yes,no,4,2,3,2,2,2,2,11,12,14,0,0,0,0,0,4,4,0,1,1,1,1,0,0,0,0,1,1
364,GP,M,18,U,LE3,T,4,4,other,other,reputation,father,1,1,0,no,yes,no,no,yes,yes,yes,no,4,2,5,3,4,5,2,8,9,11,0,1,0,0,0,4,4,1,1,1,0,1,1,0,0,0,1,1
365,GP,F,19,U,GT3,T,1,1,other,other,course,other,3,3,0,no,no,no,yes,yes,no,no,yes,1,5,5,4,3,5,12,10,10,11,0,0,0,1,0,4,4,2,2,1,1,1,0,0,1,1,0,1
366,GP,F,19,U,LE3,A,1,1,other,other,course,other,3,2,2,no,yes,no,no,no,yes,yes,yes,5,3,4,1,1,4,2,8,8,9,0,0,0,0,1,4,4,2,2,1,0,1,1,1,0,0,0,1
367,GP,F,18,U,GT3,T,2,2,other,other,course,mother,1,1,0,no,yes,no,yes,yes,yes,yes,yes,4,3,5,2,4,5,2,10,10,10,0,0,0,1,0,4,4,2,0,1,0,1,0,0,0,0,0,1
368,GP,F,17,U,GT3,T,2,2,other,other,course,mother,1,2,0,no,yes,no,no,yes,yes,no,yes,4,2,2,1,1,3,4,14,13,13,0,0,0,1,0,4,4,2,0,1,0,1,1,0,0,1,0,2
369,GP,F,17,R,LE3,T,2,2,services,services,course,mother,1,3,0,no,yes,no,yes,yes,yes,yes,no,3,3,2,2,2,3,0,11,11,10,0,0,1,0,0,2,2,2,0,1,0,1,0,0,0,0,1,2
370,GP,F,17,U,GT3,T,3,1,services,services,course,father,1,3,0,no,yes,no,no,no,yes,yes,no,3,4,3,2,3,5,0,17,18,17,0,0,0,1,0,2,2,2,1,1,0,1,1,1,0,0,1,2
371,GP,F,17,U,LE3,T,0,2,at_home,at_home,home,father,2,3,0,no,no,no,no,yes,yes,yes,no,3,3,3,2,3,2,0,14,14,15,0,0,0,0,0,3,3,0,1,1,1,1,1,0,0,0,1,2
372,GP,M,18,U,GT3,T,4,4,other,other,course,mother,1,3,0,no,no,no,yes,yes,yes,yes,no,4,3,3,2,2,3,0,13,14,13,0,1,0,1,0,4,4,2,0,1,1,1,0,0,0,0,1,2
373,GP,M,17,U,GT3,T,3,3,other,services,reputation,mother,1,1,0,no,no,no,yes,no,yes,yes,no,4,3,5,3,5,5,0,17,18,17,0,1,0,1,0,4,2,1,0,1,1,1,0,1,0,0,1,2
374,GP,M,17,R,GT3,T,2,2,services,other,course,mother,4,1,0,no,yes,no,no,yes,yes,yes,no,4,4,5,5,5,4,2,11,10,10,0,1,1,1,0,2,4,2,0,1,0,1,1,0,0,0,1,2
375,GP,F,17,U,GT3,T,4,4,teacher,teacher,course,mother,2,3,0,no,yes,no,no,no,yes,yes,yes,4,3,3,1,2,4,4,15,14,15,0,0,0,1,0,0,0,2,0,1,0,1,1,1,0,0,0,2
376,GP,F,17,U,GT3,T,3,3,at_home,other,course,mother,1,1,0,no,yes,yes,yes,yes,yes,yes,no,4,2,5,2,5,5,2,11,12,11,0,0,0,1,0,3,4,2,0,1,0,0,0,0,0,0,1,1
377,GP,M,18,U,LE3,T,2,2,other,other,course,mother,1,4,0,no,yes,yes,yes,yes,yes,yes,no,4,5,5,2,4,5,0,11,11,12,0,1,0,0,0,4,4,2,0,1,0,0,0,0,0,0,1,2
378,GP,M,19,R,GT3,T,3,2,at_home,services,home,other,1,1,0,no,yes,no,no,no,yes,no,yes,5,3,4,2,2,5,0,11,10,10,0,1,1,1,0,3,2,0,2,1,0,1,1,1,0,1,0,1
379,GP,F,18,U,GT3,T,2,2,at_home,other,course,mother,4,2,0,no,no,no,yes,yes,yes,no,yes,4,2,5,1,1,2,2,10,9,10,0,0,0,1,0,3,4,2,0,1,1,1,0,0,0,1,0,1
380,GP,F,17,R,GT3,T,2,4,at_home,other,course,father,1,3,0,no,yes,no,no,yes,yes,yes,yes,4,4,3,1,1,5,0,15,15,15,0,0,1,1,0,3,4,2,1,1,0,1,1,0,0,0,0,2
381,GP,M,18,U,GT3,T,2,2,other,other,reputation,mother,1,1,0,no,no,no,no,no,yes,yes,no,5,4,2,1,2,5,6,15,14,15,0,1,0,1,0,4,4,1,0,1,1,1,1,1,0,0,1,1
382,GP,F,18,U,GT3,T,3,3,services,services,home,mother,1,2,0,no,no,no,yes,yes,yes,yes,no,5,3,4,1,1,4,8,10,11,12,0,0,0,1,0,2,2,0,0,1,1,1,0,0,0,0,1,2
383,GP,F,18,U,LE3,T,2,2,other,other,home,other,1,2,0,no,no,no,yes,no,yes,yes,yes,4,3,3,1,1,2,0,10,9,12,0,0,0,0,0,4,4,0,2,1,1,1,0,1,0,0,0,2
384,GP,F,18,R,GT3,T,2,2,at_home,other,course,mother,2,4,0,no,no,no,yes,yes,yes,no,no,4,4,4,1,1,4,6,14,13,14,0,0,1,1,0,3,4,2,0,1,1,1,0,0,0,1,1,2
385,GP,F,17,U,GT3,T,3,4,services,other,course,mother,1,3,0,no,no,no,no,yes,yes,yes,no,4,4,5,1,3,5,8,11,13,14,0,0,0,1,0,2,4,2,0,1,1,1,1,0,0,0,1,2
386,GP,F,17,U,GT3,T,3,2,other,other,home,mother,1,2,0,no,yes,no,no,yes,yes,yes,yes,4,3,2,2,3,2,0,12,13,15,0,0,0,1,0,4,4,0,0,1,0,1,1,0,0,0,0,2
387,GP,F,18,U,LE3,T,3,3,services,services,home,mother,1,4,0,no,yes,no,no,yes,yes,yes,no,5,3,3,1,1,1,4,14,14,15,0,0,0,0,0,2,2,0,0,1,0,1,1,0,0,0,1,2
388,GP,F,17,R,GT3,A,3,2,other,other,home,mother,1,2,0,no,yes,no,no,yes,yes,yes,no,4,3,3,2,3,2,0,14,14,16,0,0,1,1,1,4,4,0,0,1,0,1,1,0,0,0,1,2
389,GP,M,18,U,LE3,T,3,4,services,other,home,mother,1,2,0,no,no,no,yes,yes,yes,yes,yes,4,3,3,1,3,5,6,16,16,17,0,1,0,0,0,2,4,0,0,1,1,1,0,0,0,0,0,2
390,GP,F,17,U,GT3,A,2,2,at_home,at_home,home,father,1,2,0,no,yes,no,no,yes,yes,yes,yes,3,3,1,1,2,4,18,10,12,14,0,0,0,1,1,3,3,0,1,1,0,1,1,0,0,0,0,2
391,GP,F,18,U,GT3,T,2,3,at_home,other,course,mother,1,3,0,no,yes,no,no,yes,yes,yes,no,4,3,3,1,2,3,0,11,12,14,0,0,0,1,0,3,4,2,0,1,0,1,1,0,0,0,1,2
392,GP,F,18,U,GT3,T,3,2,other,services,other,mother,1,3,0,no,no,no,no,yes,yes,yes,yes,5,4,3,2,3,1,4,14,16,17,0,0,0,1,0,4,2,3,0,1,1,1,1,0,0,0,0,2
393,GP,M,18,R,GT3,T,4,3,teacher,services,course,mother,1,3,0,no,no,no,no,yes,yes,yes,yes,5,3,2,1,2,4,4,15,14,17,0,1,1,1,0,0,2,2,0,1,1,1,1,0,0,0,0,2
394,GP,M,18,U,GT3,T,4,3,teacher,other,course,mother,1,3,0,no,yes,no,no,yes,yes,yes,yes,5,4,5,2,3,5,0,14,13,14,0,1,0,1,0,0,4,2,0,1,0,1,1,0,0,0,0,2
395,GP,F,17,U,GT3,T,4,3,health,other,reputation,mother,1,3,0,no,yes,no,yes,yes,yes,yes,yes,4,4,3,1,3,4,0,11,12,13,0,0,0,1,0,1,4,1,0,1,0,1,0,0,0,0,0,2
396,GP,F,17,U,GT3,T,2,1,services,other,course,mother,2,2,0,no,yes,no,yes,yes,yes,yes,yes,4,3,4,2,2,1,10,12,15,15,0,0,0,1,0,2,4,2,0,1,0,1,0,0,0,0,0,1
397,GP,F,17,U,GT3,T,2,1,services,other,reputation,mother,1,2,0,no,yes,no,yes,yes,yes,yes,no,4,3,5,2,4,4,4,12,16,16,0,0,0,1,0,2,4,1,0,1,0,1,0,0,0,0,1,1
398,GP,F,19,U,LE3,A,2,3,at_home,other,home,other,2,1,1,no,no,no,no,yes,no,yes,no,2,2,3,3,4,5,16,10,11,11,0,0,0,0,1,3,4,0,2,1,1,1,1,0,1,0,1,1
399,GP,F,17,U,GT3,T,3,1,other,at_home,home,mother,1,1,1,no,yes,yes,no,yes,yes,yes,yes,4,1,2,1,1,3,6,10,13,13,0,0,0,1,0,4,3,0,0,1,0,0,1,0,0,0,0,1
400,GP,F,21,U,LE3,T,4,4,other,other,reputation,other,1,3,2,no,no,yes,yes,yes,yes,yes,no,3,3,2,1,1,5,0,9,12,12,0,0,0,0,0,4,4,1,2,1,1,0,0,0,0,0,1,1
401,GP,M,18,U,LE3,T,2,2,services,services,reputation,mother,1,2,0,no,yes,no,yes,no,no,yes,no,4,4,4,1,3,3,11,9,11,12,0,1,0,0,0,2,2,1,0,1,0,1,0,1,1,0,1,1
402,GP,M,18,U,LE3,A,3,4,other,other,reputation,other,1,2,0,no,no,no,yes,yes,yes,yes,yes,4,3,5,1,4,2,9,13,14,15,0,1,0,0,1,4,4,1,2,1,1,1,0,0,0,0,0,1
403,GP,F,17,U,GT3,T,2,2,services,services,reputation,mother,1,2,0,no,yes,no,yes,yes,yes,yes,no,4,3,4,1,3,4,0,13,17,17,0,0,0,1,0,2,2,1,0,1,0,1,0,0,0,0,1,1
404,GP,M,17,U,LE3,A,4,4,health,other,reputation,mother,1,3,0,no,yes,no,no,yes,yes,yes,no,4,4,2,1,2,4,2,12,15,15,0,1,0,0,1,1,4,1,0,1,0,1,1,0,0,0,1,1
405,GP,F,18,U,LE3,T,4,2,teacher,other,course,mother,1,2,0,no,yes,no,yes,yes,yes,yes,no,4,2,2,1,1,3,0,14,17,17,0,0,0,0,0,0,4,2,0,1,0,1,0,0,0,0,1,1
406,GP,M,21,R,LE3,T,1,1,at_home,other,course,other,2,2,2,no,yes,no,yes,yes,no,yes,yes,5,3,3,5,2,4,21,9,10,10,0,1,1,0,0,3,4,2,2,1,0,1,0,0,1,0,0,1
407,GP,F,20,R,GT3,T,1,1,other,other,reputation,other,2,3,0,no,no,no,no,yes,yes,yes,yes,3,2,2,1,3,3,8,11,15,15,0,0,1,1,0,4,4,1,2,1,1,1,1,0,0,0,0,1
408,GP,F,19,U,GT3,T,4,4,teacher,other,home,other,1,1,1,no,yes,no,no,yes,yes,yes,yes,3,2,5,4,4,5,5,9,10,11,0,0,0,1,0,0,4,0,2,1,0,1,1,0,0,0,0,1
409,GP,M,17,U,LE3,A,3,2,other,other,reputation,mother,1,2,0,no,yes,no,no,yes,yes,yes,no,4,4,4,1,2,5,10,16,18,18,0,1,0,0,1,4,4,1,0,1,0,1,1,0,0,0,1,1
410,GP,F,18,U,GT3,T,3,2,at_home,other,reputation,father,1,3,0,no,yes,no,no,yes,yes,yes,yes,4,3,4,1,2,2,5,14,17,17,0,0,0,1,0,3,4,1,1,1,0,1,1,0,0,0,0,1
411,GP,M,18,R,GT3,T,2,3,other,services,reputation,father,1,1,0,no,no,no,no,yes,yes,yes,no,3,1,3,4,5,4,13,13,14,14,0,1,1,1,0,4,2,1,1,1,1,1,1,0,0,0,1,1
412,GP,M,19,U,GT3,T,2,1,other,other,reputation,mother,1,1,0,no,no,no,no,yes,yes,yes,no,5,3,4,1,4,4,10,7,11,11,0,1,0,1,0,4,4,1,0,1,1,1,1,0,0,0,1,1
413,GP,F,18,U,LE3,A,2,2,services,other,reputation,mother,2,2,0,no,yes,no,no,yes,yes,yes,no,4,1,4,1,3,4,10,14,17,17,0,0,0,0,1,2,4,1,0,1,0,1,1,0,0,0,1,1
414,GP,F,20,U,GT3,T,1,0,other,other,reputation,mother,2,1,1,yes,no,no,no,yes,yes,yes,yes,5,3,1,1,1,5,5,8,10,10,0,0,0,1,0,4,4,1,0,0,1,1,1,0,0,0,0,1
415,GP,F,18,U,GT3,T,3,2,services,other,home,mother,1,2,0,no,yes,no,yes,no,yes,yes,yes,3,1,2,1,2,1,4,10,13,13,0,0,0,1,0,2,4,0,0,1,0,1,0,1,0,0,0,1
416,MS,F,16,U,GT3,T,1,3,at_home,other,other,father,2,1,0,no,yes,no,no,yes,no,yes,yes,4,3,3,1,3,5,11,10,11,11,1,0,0,1,0,3,4,3,1,1,0,1,1,0,1,0,0,1
417,MS,F,16,R,GT3,T,2,2,other,other,course,mother,2,2,0,no,yes,no,yes,yes,yes,yes,no,4,4,4,1,1,5,0,12,12,12,1,0,1,1,0,4,4,2,0,1,0,1,0,0,0,0,1,2
418,MS,F,15,R,GT3,T,1,1,at_home,services,other,mother,1,1,1,no,yes,no,no,yes,yes,no,yes,4,1,3,1,1,2,6,10,10,10,1,0,1,1,0,3,2,3,0,1,0,1,1,0,0,1,0,1
419,MS,F,15,R,GT3,T,3,3,at_home,other,course,mother,2,1,0,no,yes,no,no,yes,yes,yes,no,5,4,4,2,3,5,4,10,10,11,1,0,1,1,0,3,4,2,0,1,0,1,1,0,0,0,1,1
420,MS,F,16,R,GT3,T,2,3,at_home,services,course,mother,2,2,0,no,no,no,no,yes,yes,no,no,4,5,2,1,2,5,0,16,17,17,1,0,1,1,0,3,2,2,0,1,1,1,1,0,0,1,1,1
421,MS,F,15,R,LE3,T,2,1,at_home,other,home,mother,2,1,0,no,no,no,no,yes,no,no,no,1,3,4,1,1,1,0,6,8,9,1,0,1,0,0,3,4,0,0,1,1,1,1,0,1,1,1,1
422,MS,M,16,R,LE3,A,4,4,at_home,other,home,mother,1,2,0,no,yes,no,no,yes,yes,no,no,5,3,2,1,3,2,5,10,11,11,1,1,1,0,1,3,4,0,0,1,0,1,1,0,0,1,1,1
423,MS,M,16,U,GT3,A,1,2,other,other,other,mother,1,3,0,yes,no,no,no,yes,yes,yes,no,4,4,3,1,1,5,0,10,11,11,1,1,0,1,1,4,4,3,0,0,1,1,1,0,0,0,1,1
424,MS,F,17,R,GT3,T,3,2,at_home,other,course,father,1,2,1,no,no,no,no,yes,yes,no,yes,4,5,4,1,2,5,0,10,10,10,1,0,1,1,0,3,4,2,1,1,1,1,1,0,0,1,0,1
425,MS,F,17,R,GT3,T,1,1,other,other,other,father,1,1,1,no,yes,no,no,no,no,yes,no,5,4,4,2,2,5,0,6,6,7,1,0,1,1,0,4,4,3,1,1,0,1,1,1,1,0,1,1
426,MS,F,15,R,GT3,T,4,4,teacher,other,course,mother,2,1,0,no,no,no,no,yes,yes,yes,yes,1,5,1,3,5,5,0,13,14,14,1,0,1,1,0,0,4,2,0,1,1,1,1,0,0,0,0,1
427,MS,F,16,U,LE3,A,2,2,at_home,other,reputation,mother,2,4,0,no,no,no,yes,no,no,no,yes,1,2,1,1,1,1,4,10,9,11,1,0,0,0,1,3,4,1,0,1,1,1,0,1,1,1,0,1
428,MS,F,15,R,LE3,T,1,1,at_home,services,reputation,father,2,2,0,no,yes,no,no,yes,yes,yes,no,5,4,3,1,2,4,0,10,10,10,1,0,1,0,0,3,2,1,1,1,0,1,1,0,0,0,1,1
429,MS,F,15,R,LE3,T,1,1,other,services,course,mother,2,1,1,no,yes,no,no,yes,yes,yes,yes,4,4,3,1,2,2,4,6,7,8,1,0,1,0,0,4,2,2,0,1,0,1,1,0,0,0,0,1
430,MS,F,16,R,GT3,T,0,2,other,other,other,mother,2,1,0,no,yes,no,yes,yes,yes,no,no,3,2,3,1,2,2,0,12,11,12,1,0,1,1,0,4,4,3,0,1,0,1,0,0,0,1,1,1
431,MS,F,17,R,GT3,T,2,3,other,other,course,mother,2,1,0,no,yes,no,no,yes,yes,yes,no,5,5,5,1,3,3,2,10,11,12,1,0,1,1,0,4,4,2,0,1,0,1,1,0,0,0,1,1
432,MS,F,15,R,GT3,T,3,3,other,services,course,father,2,1,0,no,no,no,no,no,yes,yes,no,4,1,3,1,1,4,0,14,16,16,1,0,1,1,0,4,2,2,1,1,1,1,1,1,0,0,1,1
433,MS,M,16,U,GT3,T,1,1,at_home,services,home,mother,2,2,0,no,yes,no,yes,yes,yes,no,yes,5,4,5,4,5,3,0,7,0,0,1,1,0,1,0,3,2,0,0,1,0,1,0,0,0,1,0,1
434,MS,M,17,U,GT3,T,1,1,other,other,home,mother,1,2,0,no,no,yes,no,no,yes,yes,no,4,4,3,2,4,5,4,8,9,9,1,1,0,1,0,4,4,0,0,1,1,0,1,1,0,0,1,1
435,MS,M,15,R,LE3,T,4,1,health,services,reputation,father,1,2,0,no,yes,no,yes,yes,yes,yes,no,5,3,4,1,2,2,0,12,13,14,1,1,1,0,0,1,2,1,1,1,0,1,0,0,0,0,1,2
436,MS,M,16,R,GT3,T,3,4,other,health,other,mother,3,2,0,no,no,no,no,no,yes,no,no,3,4,5,1,2,5,4,9,10,11,1,1,1,1,0,4,1,3,0,1,1,1,1,1,0,1,1,1
437,MS,M,15,R,GT3,T,1,1,other,other,course,mother,4,2,0,no,yes,no,yes,yes,yes,no,yes,5,4,5,2,4,4,8,7,9,9,1,1,1,1,0,4,4,2,0,1,0,1,0,0,0,1,0,1
438,MS,M,15,U,LE3,T,3,3,at_home,at_home,reputation,father,1,2,0,no,yes,no,yes,yes,yes,yes,no,5,3,3,1,1,5,0,11,11,11,1,1,0,0,0,3,3,1,1,1,0,1,0,0,0,0,1,1
439,MS,M,17,R,GT3,T,2,1,other,other,other,mother,3,1,0,no,no,no,yes,yes,no,no,yes,5,5,5,5,5,3,8,8,10,9,1,1,1,1,0,4,4,3,0,1,1,1,0,0,1,1,0,1
440,MS,F,16,R,GT3,T,4,4,teacher,teacher,course,mother,2,3,0,no,no,no,yes,yes,yes,yes,yes,4,2,2,1,1,4,6,16,16,17,1,0,1,1,0,0,0,2,0,1,1,1,0,0,0,0,0,1
441,MS,F,15,R,GT3,T,1,2,other,services,course,mother,2,1,0,no,no,no,no,yes,yes,no,no,5,1,2,1,1,1,3,11,13,13,1,0,1,1,0,4,2,2,0,1,1,1,1,0,0,1,1,1
442,MS,F,16,R,GT3,T,2,3,other,services,course,mother,3,2,0,no,yes,no,no,yes,yes,yes,no,4,5,4,1,2,1,2,15,15,15,1,0,1,1,0,4,2,2,0,1,0,1,1,0,0,0,1,1
443,MS,M,16,R,GT3,T,1,2,other,other,course,father,2,2,0,no,no,no,no,yes,yes,no,no,4,3,3,1,1,5,0,10,11,11,1,1,1,1,0,4,4,2,1,1,1,1,1,0,0,1,1,1
444,MS,F,16,U,GT3,T,1,2,other,services,course,mother,1,3,1,no,yes,no,no,yes,yes,no,no,1,3,2,1,2,4,0,10,8,8,1,0,0,1,0,4,2,2,0,1,0,1,1,0,0,1,1,2
445,MS,F,15,U,GT3,T,2,1,at_home,other,home,mother,1,2,0,yes,yes,no,no,no,yes,yes,no,4,4,2,3,3,2,0,9,10,9,1,0,0,1,0,3,4,0,0,0,0,1,1,1,0,0,1,1
446,MS,F,16,U,GT3,T,1,1,at_home,other,course,father,1,2,0,no,yes,no,no,no,yes,no,yes,5,4,3,2,1,2,0,13,14,15,1,0,0,1,0,3,4,2,1,1,0,1,1,1,0,1,0,1
447,MS,M,17,R,LE3,T,1,2,at_home,services,reputation,mother,1,1,0,no,yes,no,yes,yes,yes,yes,no,5,5,5,5,5,3,4,10,11,11,1,1,1,0,0,3,2,1,0,1,0,1,0,0,0,0,1,1
448,MS,F,16,R,GT3,T,1,1,other,other,home,father,4,4,0,no,yes,no,no,no,yes,yes,no,4,3,2,1,1,1,0,13,10,13,1,0,1,1,0,4,4,0,1,1,0,1,1,1,0,0,1,1
449,MS,F,16,R,GT3,T,1,1,at_home,other,other,father,4,3,0,yes,yes,no,no,yes,yes,no,no,4,4,3,1,1,5,2,10,9,10,1,0,1,1,0,3,4,3,1,0,0,1,1,0,0,1,1,1
450,MS,F,15,R,GT3,T,1,1,at_home,other,home,father,2,2,0,no,yes,no,yes,yes,yes,yes,no,4,3,3,1,1,2,1,11,10,11,1,0,1,1,0,3,4,0,1,1,0,1,0,0,0,0,1,1
451,MS,F,16,R,GT3,T,1,1,at_home,other,other,mother,2,1,0,no,no,no,yes,yes,yes,yes,yes,4,2,2,4,3,2,0,13,12,14,1,0,1,1,0,3,4,3,0,1,1,1,0,0,0,0,0,1
452,MS,F,15,R,GT3,T,1,1,at_home,at_home,course,father,3,2,0,no,yes,no,no,yes,yes,no,no,4,2,1,1,2,2,0,13,14,14,1,0,1,1,0,3,3,2,1,1,0,1,1,0,0,1,1,1
453,MS,F,15,R,LE3,T,2,2,other,other,other,father,1,3,0,yes,yes,no,no,yes,yes,no,no,4,4,3,2,2,5,2,14,11,12,1,0,1,0,0,4,4,3,1,0,0,1,1,0,0,1,1,1
454,MS,M,16,R,GT3,T,1,1,at_home,other,other,father,2,1,0,no,no,no,yes,yes,yes,no,no,3,4,4,3,4,5,6,11,11,11,1,1,1,1,0,3,4,3,1,1,1,1,0,0,0,1,1,1
455,MS,F,18,U,GT3,T,1,2,other,other,course,father,1,2,1,no,yes,no,yes,yes,yes,yes,yes,3,4,4,2,3,5,9,9,8,8,1,0,0,1,0,4,4,2,1,1,0,1,0,0,0,0,0,1
456,MS,M,15,U,GT3,T,3,1,other,services,home,mother,2,1,0,no,yes,no,no,yes,yes,no,no,3,2,3,1,3,4,0,10,9,11,1,1,0,1,0,4,2,0,0,1,0,1,1,0,0,1,1,1
457,MS,F,16,R,GT3,T,2,2,other,services,course,father,3,2,0,no,yes,no,yes,yes,yes,yes,no,5,3,4,1,1,2,1,14,13,14,1,0,1,1,0,4,2,2,1,1,0,1,0,0,0,0,1,1
458,MS,M,15,U,GT3,T,2,2,health,other,reputation,mother,3,1,0,no,no,no,no,yes,yes,no,no,4,3,3,1,2,4,1,13,12,13,1,1,0,1,0,1,4,1,0,1,1,1,1,0,0,1,1,1
459,MS,M,16,U,GT3,T,4,4,other,teacher,course,father,1,2,0,no,yes,no,yes,yes,yes,no,yes,4,3,1,1,1,3,0,13,12,13,1,1,0,1,0,4,0,2,1,1,0,1,0,0,0,1,0,1
460,MS,F,15,R,GT3,T,3,3,services,other,reputation,mother,1,2,0,no,yes,no,no,yes,yes,yes,yes,4,5,4,1,1,1,4,13,12,12,1,0,1,1,0,2,4,1,0,1,0,1,1,0,0,0,0,1
461,MS,F,16,R,GT3,T,2,2,at_home,other,course,mother,2,2,1,no,yes,no,yes,no,yes,no,no,4,4,4,2,3,5,2,12,11,12,1,0,1,1,0,3,4,2,0,1,0,1,0,1,0,1,1,1
462,MS,F,16,R,LE3,T,2,2,other,other,home,father,3,1,0,no,yes,no,yes,yes,yes,no,yes,4,3,2,1,1,4,0,14,14,16,1,0,1,0,0,4,4,0,1,1,0,1,0,0,0,1,0,1
463,MS,M,16,U,LE3,T,2,1,at_home,services,course,mother,2,1,0,no,yes,no,yes,yes,yes,yes,no,2,4,3,2,3,4,4,10,8,10,1,1,0,0,0,3,2,2,0,1,0,1,0,0,0,0,1,1
464,MS,M,15,R,LE3,T,1,3,at_home,other,reputation,father,3,1,0,no,yes,no,yes,yes,yes,yes,no,4,2,4,3,5,3,2,10,11,11,1,1,1,0,0,3,4,1,1,1,0,1,0,0,0,0,1,1
465,MS,F,15,U,GT3,T,2,2,other,services,course,mother,2,3,0,no,yes,no,yes,yes,yes,no,no,5,3,2,1,1,4,0,12,13,14,1,0,0,1,0,4,2,2,0,1,0,1,0,0,0,1,1,1
466,MS,F,16,R,LE3,T,2,1,other,other,home,mother,1,1,0,no,yes,no,no,yes,yes,yes,yes,5,4,3,1,1,5,2,10,8,8,1,0,1,0,0,4,4,0,0,1,0,1,1,0,0,0,0,1
467,MS,M,15,U,GT3,T,3,3,services,services,course,father,2,1,0,no,yes,no,yes,no,yes,yes,no,4,3,3,2,4,3,11,12,10,11,1,1,0,1,0,2,2,2,1,1,0,1,0,1,0,0,1,1
468,MS,F,16,R,GT3,T,1,1,at_home,other,course,father,2,2,3,yes,yes,no,no,yes,yes,no,no,3,4,3,1,1,1,0,7,7,8,1,0,1,1,0,3,4,2,1,0,0,1,1,0,0,1,1,1
469,MS,F,17,U,GT3,T,2,2,other,at_home,course,mother,1,1,0,no,yes,no,yes,yes,no,no,no,4,5,3,1,1,5,4,9,9,10,1,0,0,1,0,4,3,2,0,1,0,1,0,0,1,1,1,1
470,MS,F,19,U,GT3,T,2,3,at_home,services,course,other,1,1,1,no,no,no,no,yes,no,yes,yes,4,4,4,1,1,2,0,9,9,10,1,0,0,1,0,3,2,2,2,1,1,1,1,0,1,0,0,1
471,MS,F,17,R,GT3,T,2,1,at_home,other,course,mother,3,1,0,no,yes,no,yes,yes,no,no,yes,5,5,3,1,1,3,2,9,10,11,1,0,1,1,0,3,4,2,0,1,0,1,0,0,1,1,0,1
472,MS,F,15,R,LE3,T,1,1,at_home,other,course,mother,2,1,0,no,yes,no,no,yes,no,no,yes,5,2,1,1,3,4,0,9,10,9,1,0,1,0,0,3,4,2,0,1,0,1,1,0,1,1,0,1
473,MS,F,16,U,LE3,A,2,2,other,other,home,mother,1,1,0,no,yes,no,no,yes,no,no,no,4,3,4,1,2,1,6,7,7,8,1,0,0,0,1,4,4,0,0,1,0,1,1,0,1,1,1,1
474,MS,F,17,R,GT3,T,2,2,at_home,other,course,mother,2,2,0,no,yes,no,no,yes,yes,yes,no,4,3,5,1,2,4,0,11,10,11,1,0,1,1,0,3,4,2,0,1,0,1,1,0,0,0,1,1
475,MS,F,16,U,GT3,T,2,2,other,services,course,father,1,1,1,no,yes,yes,yes,no,yes,yes,no,4,4,3,1,4,3,1,9,10,10,1,0,0,1,0,4,2,2,1,1,0,0,0,1,0,0,1,1
476,MS,F,18,R,LE3,A,3,2,other,other,course,other,2,3,2,no,yes,no,no,no,no,no,yes,3,3,2,1,1,2,6,7,9,10,1,0,1,0,1,4,4,2,2,1,0,1,1,1,1,1,0,1
477,MS,F,19,U,GT3,T,1,1,at_home,services,course,mother,1,3,1,no,no,no,yes,yes,no,no,yes,5,3,1,1,1,3,6,7,9,9,1,0,0,1,0,3,2,2,0,1,1,1,0,0,1,1,0,1
478,MS,M,18,R,GT3,T,1,1,other,other,home,mother,2,1,1,no,no,no,yes,yes,no,yes,no,4,4,3,3,4,4,0,8,9,10,1,1,1,1,0,4,4,0,0,1,1,1,0,0,1,0,1,1
479,MS,F,18,R,GT3,T,1,1,at_home,at_home,course,mother,2,1,1,no,no,no,no,no,no,yes,yes,3,2,3,1,1,2,4,9,11,10,1,0,1,1,0,3,3,2,0,1,1,1,1,1,1,0,0,1
480,MS,F,19,U,GT3,T,1,1,other,other,course,other,2,2,1,no,yes,no,no,yes,yes,yes,yes,1,1,4,4,1,1,12,7,8,9,1,0,0,1,0,4,4,2,2,1,0,1,1,0,0,0,0,1
481,MS,F,16,R,GT3,A,2,2,health,other,course,mother,1,2,0,no,no,no,no,no,yes,no,yes,3,3,2,1,1,3,2,8,10,10,1,0,1,1,1,1,4,2,0,1,1,1,1,1,0,1,0,1
482,MS,F,17,U,GT3,T,0,1,other,at_home,course,father,2,1,0,no,no,no,yes,no,yes,no,no,2,4,4,3,5,5,5,9,9,10,1,0,0,1,0,4,3,2,1,1,1,1,0,1,0,1,1,1
483,MS,F,16,R,LE3,T,1,2,at_home,other,course,mother,1,2,0,no,no,no,yes,yes,no,yes,no,4,4,5,1,3,3,0,8,9,9,1,0,1,0,0,3,4,2,0,1,1,1,0,0,1,0,1,1
484,MS,F,16,U,GT3,T,3,3,other,other,reputation,mother,1,1,0,no,no,no,yes,yes,no,yes,yes,4,5,4,1,1,4,0,14,13,13,1,0,0,1,0,4,4,1,0,1,1,1,0,0,1,0,0,1
485,MS,F,16,R,LE3,T,1,1,services,services,home,mother,1,1,0,no,yes,no,yes,yes,yes,yes,yes,4,4,4,2,2,4,2,14,14,14,1,0,1,0,0,2,2,0,0,1,0,1,0,0,0,0,0,1
486,MS,M,17,U,GT3,T,3,3,services,at_home,course,mother,2,4,1,no,yes,yes,yes,yes,yes,no,no,5,4,5,3,4,5,0,10,11,10,1,1,0,1,0,2,3,2,0,1,0,0,0,0,0,1,1,1
487,MS,F,16,U,GT3,T,2,1,other,services,course,mother,1,2,0,no,yes,no,yes,yes,yes,yes,no,5,3,3,1,1,1,0,14,13,14,1,0,0,1,0,4,2,2,0,1,0,1,0,0,0,0,1,1
488,MS,F,16,U,GT3,T,2,2,services,other,course,mother,1,1,0,no,yes,yes,yes,yes,yes,no,yes,4,2,5,1,2,5,0,17,16,16,1,0,0,1,0,2,4,2,0,1,0,0,0,0,0,1,0,1
489,MS,M,17,U,GT3,T,1,2,other,other,course,father,1,1,1,no,yes,no,yes,yes,no,yes,yes,5,3,5,5,5,1,12,6,7,7,1,1,0,1,0,4,4,2,1,1,0,1,0,0,1,0,0,1
490,MS,M,16,U,LE3,T,4,3,other,other,course,father,1,1,0,no,no,no,yes,yes,yes,yes,no,4,2,5,1,5,5,8,14,12,13,1,1,0,0,0,4,4,2,1,1,1,1,0,0,0,0,1,1
491,MS,M,17,R,LE3,T,2,2,services,services,other,mother,3,4,1,no,yes,no,no,yes,yes,no,no,1,3,5,3,5,3,2,10,8,9,1,1,1,0,0,2,2,3,0,1,0,1,1,0,0,1,1,1
492,MS,F,16,U,GT3,T,1,1,other,other,course,other,1,4,0,yes,yes,no,yes,yes,yes,yes,no,2,2,1,1,1,5,0,14,14,14,1,0,0,1,0,4,4,2,2,0,0,1,0,0,0,0,1,1
493,MS,F,19,U,LE3,T,2,2,other,other,home,mother,1,3,0,no,no,no,no,yes,yes,yes,yes,5,4,5,1,1,1,0,12,13,13,1,0,0,0,0,4,4,0,0,1,1,1,1,0,0,0,0,1
494,MS,F,17,R,GT3,T,1,1,at_home,other,reputation,mother,2,1,0,no,yes,no,yes,no,yes,yes,yes,4,4,5,1,2,5,0,11,11,11,1,0,1,1,0,3,4,1,0,1,0,1,0,1,0,0,0,1
495,MS,F,20,U,GT3,T,3,3,at_home,services,other,mother,2,2,1,no,no,no,yes,yes,yes,yes,yes,3,3,4,2,4,3,8,11,9,10,1,0,0,1,0,3,2,3,0,1,1,1,0,0,0,0,0,1
496,MS,F,17,U,LE3,T,1,1,other,services,course,father,1,3,0,no,yes,no,no,yes,yes,no,yes,4,3,3,1,1,3,0,11,11,10,1,0,0,0,0,4,2,2,1,1,0,1,1,0,0,1,0,1
497,MS,M,17,R,GT3,T,2,2,other,other,course,mother,3,1,1,no,yes,no,no,no,yes,yes,no,4,4,5,1,2,5,0,10,9,9,1,1,1,1,0,4,4,2,0,1,0,1,1,1,0,0,1,1
498,MS,F,16,R,LE3,T,1,1,at_home,other,course,father,3,2,0,no,yes,no,no,yes,yes,no,no,5,3,2,1,1,1,0,16,17,18,1,0,1,0,0,3,4,2,1,1,0,1,1,0,0,1,1,1
499,MS,F,17,R,GT3,T,2,2,other,other,reputation,mother,2,2,0,no,yes,no,yes,yes,yes,no,no,5,3,2,1,1,1,0,15,17,17,1,0,1,1,0,4,4,1,0,1,0,1,0,0,0,1,1,1
500,MS,F,17,U,GT3,A,1,0,other,other,other,mother,2,2,0,no,no,no,no,yes,yes,yes,yes,4,4,5,1,1,4,1,11,9,10,1,0,0,1,1,4,4,3,0,1,1,1,1,0,0,0,0,1
501,MS,F,18,R,GT3,T,1,1,at_home,other,other,mother,1,2,1,no,yes,no,no,yes,yes,yes,yes,4,3,2,1,1,5,9,7,7,7,1,0,1,1,0,3,4,3,0,1,0,1,1,0,0,0,0,1
502,MS,F,16,U,GT3,T,3,1,other,other,course,mother,1,1,0,no,no,no,yes,yes,yes,yes,no,3,1,3,1,3,1,0,8,6,8,1,0,0,1,0,4,4,2,0,1,1,1,0,0,0,0,1,1
503,MS,F,16,U,GT3,T,3,2,services,at_home,course,mother,1,1,0,no,no,no,no,yes,yes,yes,no,3,1,3,1,4,3,2,7,6,7,1,0,0,1,0,2,3,2,0,1,1,1,1,0,0,0,1,1
504,MS,F,18,U,LE3,T,1,1,other,at_home,reputation,mother,2,2,0,yes,no,no,no,yes,yes,no,no,2,3,5,1,4,3,8,9,8,10,1,0,0,0,0,4,3,1,0,0,1,1,1,0,0,1,1,1
505,MS,F,16,R,GT3,T,4,4,health,teacher,reputation,father,1,2,0,no,no,no,yes,no,yes,yes,yes,4,3,3,2,3,2,0,14,16,16,1,0,1,1,0,1,0,1,1,1,1,1,0,1,0,0,0,1
506,MS,F,16,R,LE3,T,1,2,other,other,reputation,mother,2,1,0,no,no,no,yes,yes,yes,yes,no,5,4,5,1,4,2,0,14,14,15,1,0,1,0,0,4,4,1,0,1,1,1,0,0,0,0,1,1
507,MS,F,18,U,GT3,A,2,4,other,services,reputation,father,1,2,1,no,yes,no,no,yes,yes,yes,no,2,3,2,1,3,1,8,8,5,8,1,0,0,1,1,4,2,1,1,1,0,1,1,0,0,0,1,1
508,MS,M,16,R,GT3,T,2,1,other,services,reputation,mother,2,2,0,no,no,no,yes,yes,yes,yes,no,5,2,1,1,1,2,0,8,7,0,1,1,1,1,0,4,2,1,0,1,1,1,0,0,0,0,1,1
509,MS,F,16,U,LE3,T,1,1,at_home,other,other,mother,3,2,0,no,yes,no,no,yes,yes,yes,no,4,3,2,1,3,5,6,6,8,8,1,0,0,0,0,3,4,3,0,1,0,1,1,0,0,0,1,1
510,MS,F,16,R,GT3,T,2,3,at_home,services,other,mother,2,2,0,no,yes,no,yes,yes,yes,yes,no,3,3,3,1,1,2,0,8,10,10,1,0,1,1,0,3,2,3,0,1,0,1,0,0,0,0,1,1
511,MS,F,16,U,GT3,T,4,4,health,health,course,mother,1,2,0,no,yes,no,no,yes,yes,yes,yes,4,3,4,1,2,3,4,8,8,8,1,0,0,1,0,1,1,2,0,1,0,1,1,0,0,0,0,1
512,MS,M,18,U,LE3,T,4,4,at_home,health,home,mother,1,4,0,no,yes,no,yes,yes,no,yes,yes,5,5,5,5,5,5,2,5,6,6,1,1,0,0,0,3,1,0,0,1,0,1,0,0,1,0,0,1
513,MS,F,16,R,LE3,T,3,4,at_home,other,other,mother,3,2,0,no,yes,no,no,no,yes,no,no,4,2,1,1,1,2,2,7,9,8,1,0,1,0,0,3,4,3,0,1,0,1,1,1,0,1,1,1
514,MS,M,17,U,LE3,T,4,4,other,services,home,mother,1,3,0,no,yes,no,no,yes,yes,yes,no,4,4,3,1,2,5,0,15,14,16,1,1,0,0,0,4,2,0,0,1,0,1,1,0,0,0,1,1
515,MS,F,17,R,GT3,T,4,1,other,other,other,mother,1,1,0,no,no,no,no,yes,yes,yes,yes,4,2,3,1,2,5,1,13,14,14,1,0,1,1,0,4,4,3,0,1,1,1,1,0,0,0,0,1
516,MS,M,16,U,LE3,T,2,2,services,services,other,mother,4,3,0,no,no,no,no,yes,yes,no,no,5,1,3,2,2,3,0,10,9,10,1,1,0,0,0,2,2,3,0,1,1,1,1,0,0,1,1,1
517,MS,F,17,R,GT3,T,2,2,at_home,other,other,mother,1,1,0,no,yes,yes,no,yes,yes,yes,no,5,1,3,1,2,5,5,9,9,9,1,0,1,1,0,3,4,3,0,1,0,0,1,0,0,0,1,1
518,MS,F,16,U,LE3,T,4,4,services,services,other,father,2,1,0,no,yes,no,no,yes,yes,no,no,5,1,3,1,2,5,1,11,11,11,1,0,0,0,0,2,2,3,1,1,0,1,1,0,0,1,1,1
519,MS,M,17,U,GT3,T,3,3,services,services,home,mother,1,1,0,no,yes,no,yes,yes,yes,yes,no,4,1,4,5,5,3,8,7,10,9,1,1,0,1,0,2,2,0,0,1,0,1,0,0,0,0,1,1
520,MS,M,17,U,GT3,T,1,1,at_home,services,other,mother,3,2,0,no,no,no,no,yes,yes,yes,yes,5,1,3,3,3,1,0,10,10,10,1,1,0,1,0,3,2,3,0,1,1,1,1,0,0,0,0,1
521,MS,M,16,U,GT3,T,2,1,health,services,other,mother,2,2,0,no,no,no,no,no,yes,yes,yes,4,2,2,1,4,5,2,9,7,8,1,1,0,1,0,1,2,3,0,1,1,1,1,1,0,0,0,1
522,MS,F,16,U,LE3,T,2,1,other,services,other,mother,1,2,0,no,no,no,no,yes,yes,yes,yes,3,2,2,1,1,3,0,14,15,16,1,0,0,0,0,4,2,3,0,1,1,1,1,0,0,0,0,1
523,MS,M,16,U,LE3,T,4,4,teacher,health,other,father,1,1,0,no,yes,no,no,yes,yes,yes,no,4,1,2,2,5,5,0,11,12,12,1,1,0,0,0,0,1,3,1,1,0,1,1,0,0,0,1,1
524,MS,M,15,R,GT3,T,1,2,other,services,course,mother,3,2,0,no,yes,no,yes,yes,yes,no,no,5,5,5,1,3,5,11,9,11,10,1,1,1,1,0,4,2,2,0,1,0,1,0,0,0,1,1,1
525,MS,M,15,U,LE3,A,2,2,other,other,reputation,mother,3,4,0,no,yes,no,yes,yes,yes,no,no,5,4,5,2,3,5,8,13,14,14,1,1,0,0,1,4,4,1,0,1,0,1,0,0,0,1,1,1
526,MS,M,15,U,LE3,A,2,1,services,services,course,mother,1,1,0,no,no,no,yes,yes,yes,yes,no,4,3,3,1,2,5,11,12,13,12,1,1,0,0,1,2,2,2,0,1,1,1,0,0,0,0,1,1
527,MS,F,16,R,LE3,T,2,2,other,other,course,mother,1,3,0,no,yes,no,no,no,yes,no,yes,4,3,3,2,2,5,2,11,11,11,1,0,1,0,0,4,4,2,0,1,0,1,1,1,0,1,0,1
528,MS,F,16,U,LE3,T,4,1,other,other,home,mother,2,2,0,no,yes,no,yes,yes,yes,yes,no,1,2,4,2,2,1,8,9,10,10,1,0,0,0,0,4,4,0,0,1,0,1,0,0,0,0,1,1
529,MS,F,17,U,GT3,T,3,2,at_home,other,home,mother,2,1,0,no,no,no,no,yes,yes,no,yes,4,3,3,2,2,1,5,9,11,11,1,0,0,1,0,3,4,0,0,1,1,1,1,0,0,1,0,1
530,MS,F,17,R,GT3,T,2,2,other,other,other,mother,2,2,0,yes,no,yes,no,yes,yes,no,no,5,1,3,1,1,5,0,11,9,11,1,0,1,1,0,4,4,3,0,0,1,0,1,0,0,1,1,1
531,MS,F,16,U,GT3,T,4,4,teacher,services,course,mother,2,3,0,no,yes,no,no,yes,yes,yes,yes,5,3,5,1,4,5,1,10,11,12,1,0,0,1,0,0,2,2,0,1,0,1,1,0,0,0,0,1
532,MS,M,17,R,GT3,T,4,4,health,other,course,father,3,1,3,no,no,no,yes,yes,yes,yes,yes,3,3,3,1,3,5,2,9,9,8,1,1,1,1,0,1,4,2,1,1,1,1,0,0,0,0,0,1
533,MS,M,17,R,LE3,T,1,3,other,other,course,father,2,1,0,no,no,no,yes,yes,yes,no,yes,5,1,2,3,3,5,2,12,11,12,1,1,1,0,0,4,4,2,1,1,1,1,0,0,0,1,0,1
534,MS,M,17,U,GT3,T,3,4,services,other,other,mother,1,2,1,no,yes,no,yes,no,yes,yes,yes,5,4,4,3,4,5,8,8,9,8,1,1,0,1,0,2,4,3,0,1,0,1,0,1,0,0,0,1
535,MS,F,17,U,GT3,T,4,4,health,health,course,father,1,2,0,no,yes,no,no,yes,yes,yes,no,5,2,5,1,1,5,0,13,15,16,1,0,0,1,0,1,1,2,1,1,0,1,1,0,0,0,1,1
536,MS,M,16,R,LE3,T,4,1,other,at_home,other,father,1,1,0,no,no,no,no,yes,yes,yes,no,4,1,2,2,1,2,0,10,11,11,1,1,1,0,0,4,3,3,1,1,1,1,1,0,0,0,1,1
537,MS,F,17,U,GT3,A,1,1,at_home,at_home,other,mother,1,2,0,no,no,no,yes,yes,yes,yes,yes,4,5,5,1,2,3,2,11,10,11,1,0,0,1,1,3,3,3,0,1,1,1,0,0,0,0,0,1
538,MS,F,17,R,GT3,T,4,2,other,other,course,mother,2,2,0,yes,yes,no,no,no,yes,yes,no,4,3,3,2,3,5,0,17,18,18,1,0,1,1,0,4,4,2,0,0,0,1,1,1,0,0,1,1
539,MS,M,16,U,LE3,A,2,2,other,services,course,father,2,2,0,no,yes,no,no,no,yes,yes,yes,4,1,2,2,2,5,0,12,13,13,1,1,0,0,1,4,2,2,1,1,0,1,1,1,0,0,0,1
540,MS,M,17,U,GT3,T,3,2,other,other,other,father,2,2,0,no,yes,yes,no,yes,yes,yes,no,4,1,2,2,2,1,0,13,14,13,1,1,0,1,0,4,4,3,1,1,0,0,1,0,0,0,1,1
541,MS,M,19,U,GT3,T,1,1,other,other,other,mother,1,2,2,no,yes,no,yes,yes,no,yes,no,4,4,3,3,4,4,2,9,9,10,1,1,0,1,0,4,4,3,0,1,0,1,0,0,1,0,1,1
542,MS,M,17,U,LE3,A,1,0,other,other,home,mother,1,1,0,no,no,no,no,yes,yes,no,yes,4,1,2,1,1,5,4,11,11,12,1,1,0,0,1,4,4,0,0,1,1,1,1,0,0,1,0,1
543,MS,F,17,R,GT3,T,1,1,at_home,at_home,course,father,2,1,0,no,yes,no,yes,yes,no,yes,yes,3,5,5,2,2,4,3,10,11,10,1,0,1,1,0,3,3,2,1,1,0,1,0,0,1,0,0,1
544,MS,F,16,R,GT3,T,1,2,other,other,home,father,1,3,0,yes,yes,no,no,no,yes,yes,yes,4,3,4,1,1,3,5,13,14,13,1,0,1,1,0,4,4,0,1,0,0,1,1,1,0,0,0,1
545,MS,M,16,R,LE3,T,1,2,other,at_home,course,mother,1,1,0,no,no,no,no,yes,yes,no,no,4,4,4,2,4,5,4,9,10,11,1,1,1,0,0,4,3,2,0,1,1,1,1,0,0,1,1,1
546,MS,F,17,R,GT3,T,3,1,other,other,course,mother,2,2,3,no,yes,no,yes,no,yes,yes,yes,5,4,4,1,1,5,2,7,9,10,1,0,1,1,0,4,4,2,0,1,0,1,0,1,0,0,0,1
547,MS,M,17,R,GT3,T,2,2,other,other,course,mother,2,1,0,no,no,no,yes,yes,no,no,yes,5,5,5,3,5,5,0,8,13,10,1,1,1,1,0,4,4,2,0,1,1,1,0,0,1,1,0,1
548,MS,M,18,R,GT3,T,1,0,at_home,at_home,course,other,3,1,1,yes,yes,no,no,yes,yes,no,no,4,3,2,1,1,4,0,12,12,13,1,1,1,1,0,3,3,2,2,0,0,1,1,0,0,1,1,1
549,MS,M,17,R,GT3,T,1,1,other,services,course,mother,2,1,0,no,yes,no,yes,no,yes,yes,yes,4,5,5,1,3,2,0,10,9,10,1,1,1,1,0,4,2,2,0,1,0,1,0,1,0,0,0,1
550,MS,M,18,U,LE3,T,1,1,at_home,at_home,course,mother,2,2,0,no,yes,no,yes,yes,yes,no,no,4,3,3,1,4,5,6,10,9,10,1,1,0,0,0,3,3,2,0,1,0,1,0,0,0,1,1,1
551,MS,F,16,R,LE3,T,2,2,other,services,course,father,1,2,0,no,no,no,yes,yes,yes,no,yes,5,4,3,1,1,1,0,11,13,12,1,0,1,0,0,4,2,2,1,1,1,1,0,0,0,1,0,1
552,MS,M,17,U,GT3,T,2,2,other,other,course,mother,1,1,1,no,no,no,yes,yes,yes,no,yes,1,2,1,2,3,5,0,7,0,0,1,1,0,1,0,4,4,2,0,1,1,1,0,0,0,1,0,1
553,MS,M,16,R,GT3,T,3,2,services,other,course,father,2,1,0,no,no,no,no,yes,yes,yes,no,4,5,5,2,3,5,2,11,9,10,1,1,1,1,0,2,4,2,1,1,1,1,1,0,0,0,1,1
554,MS,M,16,R,LE3,T,1,1,at_home,other,course,mother,2,1,0,no,no,no,yes,yes,yes,yes,no,4,5,5,2,4,5,0,10,10,9,1,1,1,0,0,3,4,2,0,1,1,1,0,0,0,0,1,1
555,MS,M,18,R,GT3,T,1,1,services,other,course,other,2,1,1,no,yes,no,no,yes,no,yes,yes,5,3,3,2,3,5,2,9,7,9,1,1,1,1,0,2,4,2,2,1,0,1,1,0,1,0,0,1
556,MS,M,18,R,GT3,T,3,2,services,other,course,mother,1,1,1,no,no,no,no,yes,no,yes,no,2,3,1,2,2,5,0,4,0,0,1,1,1,1,0,2,4,2,0,1,1,1,1,0,1,0,1,1
557,MS,M,19,U,GT3,T,3,2,at_home,services,course,mother,2,1,3,no,no,no,yes,yes,yes,no,no,3,2,1,1,1,3,4,6,11,9,1,1,0,1,0,3,2,2,0,1,1,1,0,0,0,1,1,1
558,MS,M,18,U,GT3,T,3,3,at_home,at_home,course,mother,1,2,2,no,yes,no,yes,yes,no,yes,no,4,4,5,1,3,3,9,4,8,8,1,1,0,1,0,3,3,2,0,1,0,1,0,0,1,0,1,1
559,MS,M,16,R,GT3,T,2,2,services,services,course,mother,2,1,0,no,yes,no,yes,yes,yes,yes,yes,5,4,3,2,4,4,6,7,8,8,1,1,1,1,0,2,2,2,0,1,0,1,0,0,0,0,0,1
560,MS,M,19,U,GT3,T,2,1,at_home,other,course,other,2,1,3,no,no,no,yes,no,no,yes,yes,4,4,3,1,3,5,4,8,9,9,1,1,0,1,0,3,4,2,2,1,1,1,0,1,1,0,0,1
561,MS,F,16,U,GT3,A,3,2,services,at_home,course,mother,2,2,2,no,yes,no,yes,yes,yes,no,yes,2,5,5,1,1,1,8,5,5,7,1,0,0,1,1,2,3,2,0,1,0,1,0,0,0,1,0,1
562,MS,F,17,U,GT3,T,1,1,other,at_home,course,mother,1,1,0,no,yes,no,yes,yes,yes,no,no,4,3,2,1,2,5,9,7,9,10,1,0,0,1,0,4,3,2,0,1,0,1,0,0,0,1,1,1
563,MS,M,20,R,GT3,T,1,1,other,other,course,other,2,1,1,no,yes,no,no,yes,no,yes,yes,4,4,3,2,4,4,12,8,11,10,1,1,1,1,0,4,4,2,2,1,0,1,1,0,1,0,0,1
564,MS,F,18,R,GT3,A,4,3,services,services,course,mother,1,1,0,no,yes,no,no,yes,yes,yes,no,5,4,4,3,4,2,8,10,11,10,1,0,1,1,1,2,2,2,0,1,0,1,1,0,0,0,1,1
565,MS,M,18,R,GT3,T,3,2,other,other,course,mother,2,1,0,no,yes,no,no,no,yes,yes,no,2,5,5,5,5,5,8,9,10,11,1,1,1,1,0,4,4,2,0,1,0,1,1,1,0,0,1,2
566,MS,M,19,R,GT3,T,1,1,other,services,home,other,3,2,1,no,no,no,no,yes,yes,yes,no,5,4,4,3,3,2,8,10,9,11,1,1,1,1,0,4,2,0,2,1,1,1,1,0,0,0,1,2
567,MS,M,17,U,GT3,T,3,3,health,other,course,mother,2,2,1,no,yes,no,no,yes,yes,yes,no,4,5,4,2,3,3,4,8,9,10,1,1,0,1,0,1,4,2,0,1,0,1,1,0,0,0,1,2
568,MS,M,18,U,LE3,T,1,3,at_home,services,course,mother,1,1,0,no,no,no,no,yes,no,yes,yes,4,3,3,2,3,3,0,9,10,9,1,1,0,0,0,3,2,2,0,1,1,1,1,0,1,0,0,2
569,MS,M,19,R,GT3,T,1,1,other,other,home,other,3,1,1,no,yes,no,no,yes,yes,yes,no,4,4,4,3,3,5,4,8,9,10,1,1,1,1,0,4,4,0,2,1,0,1,1,0,0,0,1,2
570,MS,F,18,U,GT3,A,1,2,at_home,other,course,mother,2,2,2,no,yes,no,no,yes,yes,no,no,4,3,3,1,1,5,2,6,8,8,1,0,0,1,1,3,4,2,0,1,0,1,1,0,0,1,1,1
571,MS,F,19,U,LE3,A,1,1,at_home,other,course,mother,1,1,0,no,yes,no,no,yes,no,no,no,1,4,4,1,1,5,0,6,8,7,1,0,0,0,1,3,4,2,0,1,0,1,1,0,1,1,1,1
572,MS,F,18,R,GT3,T,2,2,other,other,other,mother,2,1,1,no,no,no,no,yes,no,yes,yes,5,5,5,1,1,3,0,8,6,0,1,0,1,1,0,4,4,3,0,1,1,1,1,0,1,0,0,1
573,MS,F,17,R,GT3,T,0,0,at_home,other,course,mother,2,1,0,no,yes,no,no,yes,yes,yes,no,4,4,3,1,1,5,0,10,11,11,1,0,1,1,0,3,4,2,0,1,0,1,1,0,0,0,1,1
574,MS,F,17,R,LE3,A,3,1,other,at_home,course,other,2,3,0,no,yes,yes,no,yes,no,no,no,4,2,3,2,2,3,5,8,7,8,1,0,1,0,1,4,3,2,2,1,0,0,1,0,1,1,1,1
575,MS,F,17,U,GT3,T,4,2,teacher,services,home,mother,1,2,0,yes,yes,no,yes,yes,yes,yes,no,5,5,5,1,3,5,0,8,8,0,1,0,0,1,0,0,2,0,0,0,0,1,0,0,0,0,1,1
576,MS,F,18,R,LE3,T,2,2,services,services,course,mother,1,2,1,no,yes,no,yes,yes,yes,yes,no,2,3,3,1,2,4,3,7,6,8,1,0,1,0,0,2,2,2,0,1,0,1,0,0,0,0,1,1
577,MS,F,17,U,GT3,T,4,1,health,at_home,course,mother,1,1,0,no,yes,no,no,yes,yes,no,yes,3,2,2,1,1,5,0,8,10,9,1,0,0,1,0,1,3,2,0,1,0,1,1,0,0,1,0,1
578,MS,F,17,U,LE3,T,1,2,at_home,other,course,father,1,1,0,no,no,no,no,yes,yes,yes,no,5,5,1,1,1,3,0,7,10,10,1,0,0,0,0,3,4,2,1,1,1,1,1,0,0,0,1,1
579,MS,F,18,U,GT3,T,1,1,other,other,course,mother,3,2,2,no,no,no,yes,yes,yes,no,yes,3,4,4,2,2,5,3,7,8,7,1,0,0,1,0,4,4,2,0,1,1,1,0,0,0,1,0,2
580,MS,F,18,U,GT3,T,2,2,services,at_home,reputation,father,2,2,0,no,no,no,yes,no,yes,yes,no,4,3,5,1,1,1,2,12,13,14,1,0,0,1,0,2,3,1,1,1,1,1,0,1,0,0,1,1
581,MS,F,17,U,GT3,T,3,3,services,services,course,mother,2,1,0,no,yes,no,no,yes,yes,yes,no,4,4,3,1,1,4,0,11,12,13,1,0,0,1,0,2,2,2,0,1,0,1,1,0,0,0,1,1
582,MS,F,18,U,LE3,A,1,2,at_home,other,reputation,mother,2,2,0,no,no,no,no,yes,yes,yes,no,4,4,3,1,2,4,0,12,13,14,1,0,0,0,1,3,4,1,0,1,1,1,1,0,0,0,1,1
583,MS,F,18,U,GT3,T,4,4,teacher,teacher,reputation,mother,2,2,0,no,no,no,yes,no,yes,yes,no,4,3,5,1,2,1,0,18,18,18,1,0,0,1,0,0,0,1,0,1,1,1,0,1,0,0,1,1
584,MS,M,18,U,LE3,T,4,4,services,other,reputation,mother,1,1,0,no,yes,no,yes,yes,yes,yes,no,5,4,5,1,1,5,3,17,17,17,1,1,0,0,0,2,4,1,0,1,0,1,0,0,0,0,1,1
585,MS,F,17,U,GT3,T,4,2,other,other,course,mother,2,2,0,no,yes,no,no,yes,yes,yes,no,4,3,3,1,2,4,0,17,18,18,1,0,0,1,0,4,4,2,0,1,0,1,1,0,0,0,1,1
586,MS,F,18,R,GT3,T,2,2,at_home,other,course,mother,3,2,1,no,no,no,yes,yes,yes,no,yes,4,3,3,1,1,4,0,9,0,0,1,0,1,1,0,3,4,2,0,1,1,1,0,0,0,1,0,1
587,MS,M,18,U,LE3,T,1,2,at_home,services,home,mother,2,1,0,no,yes,no,no,no,yes,no,no,4,1,4,5,5,1,8,10,11,11,1,1,0,0,0,3,2,0,0,1,0,1,1,1,0,1,1,1
588,MS,M,18,R,GT3,T,4,4,at_home,services,other,mother,3,1,0,no,yes,yes,yes,yes,yes,yes,yes,2,5,5,1,1,1,5,12,13,14,1,1,1,1,0,3,2,3,0,1,0,0,0,0,0,0,0,1
589,MS,M,17,R,GT3,T,1,1,other,services,other,father,3,1,0,no,no,no,no,no,no,no,no,4,2,3,3,4,4,4,12,13,14,1,1,1,1,0,4,2,3,1,1,1,1,1,1,1,1,1,1
590,MS,F,18,U,GT3,T,2,2,other,other,course,mother,2,2,0,no,yes,no,no,no,yes,yes,yes,1,3,1,1,1,2,4,8,8,10,1,0,0,1,0,4,4,2,0,1,0,1,1,1,0,0,0,1
591,MS,F,18,U,LE3,T,2,2,services,services,course,father,2,3,0,no,no,no,no,yes,yes,yes,yes,5,4,5,1,4,3,0,11,12,13,1,0,0,0,0,2,2,2,1,1,1,1,1,0,0,0,0,1
592,MS,F,18,R,LE3,A,4,2,teacher,other,reputation,mother,1,2,0,no,no,no,yes,yes,yes,yes,yes,5,3,1,1,1,5,0,5,0,0,1,0,1,0,1,0,4,1,0,1,1,1,0,0,0,0,0,1
593,MS,F,18,U,GT3,T,1,1,at_home,services,course,mother,3,2,1,no,no,no,no,yes,no,no,no,4,4,2,1,2,2,2,9,10,10,1,0,0,1,0,3,2,2,0,1,1,1,1,0,1,1,1,1
594,MS,F,19,U,GT3,T,1,1,at_home,services,other,father,2,1,1,no,no,no,no,yes,no,no,no,5,5,5,2,3,2,0,5,0,0,1,0,0,1,0,3,2,3,1,1,1,1,1,0,1,1,1,1
595,MS,F,17,U,GT3,T,4,2,teacher,other,course,father,2,4,0,no,no,no,no,yes,yes,yes,yes,4,2,3,3,1,5,0,18,18,18,1,0,0,1,0,0,4,2,1,1,1,1,1,0,0,0,0,1
596,MS,F,17,R,LE3,A,2,1,services,other,reputation,mother,2,2,0,no,no,no,yes,yes,yes,yes,yes,5,3,3,1,2,2,5,11,11,12,1,0,1,0,1,2,4,1,0,1,1,1,0,0,0,0,0,1
597,MS,F,18,U,LE3,A,1,1,at_home,services,course,mother,1,2,0,no,no,no,no,yes,yes,no,yes,5,2,3,1,2,3,2,8,10,11,1,0,0,0,1,3,2,2,0,1,1,1,1,0,0,1,0,1
598,MS,F,18,U,GT3,T,1,2,at_home,at_home,course,father,2,2,0,no,yes,no,no,yes,no,no,no,4,1,1,1,1,4,0,11,11,12,1,0,0,1,0,3,3,2,1,1,0,1,1,0,1,1,1,1
599,MS,F,19,R,GT3,A,1,1,at_home,at_home,course,other,2,2,3,no,yes,no,yes,yes,no,no,yes,3,5,4,1,4,1,0,8,0,0,1,0,1,1,1,3,3,2,2,1,0,1,0,0,1,1,0,1
600,MS,F,18,R,GT3,T,2,2,services,other,home,mother,2,3,0,no,no,no,no,yes,yes,yes,yes,4,2,1,1,1,4,5,14,14,15,1,0,1,1,0,2,4,0,0,1,1,1,1,0,0,0,0,1
601,MS,M,17,R,GT3,T,4,3,services,other,home,mother,2,2,1,no,yes,yes,yes,no,yes,yes,yes,4,5,5,1,3,2,4,10,11,11,1,1,1,1,0,2,4,0,0,1,0,0,0,1,0,0,0,2
602,MS,F,18,U,GT3,T,3,3,services,services,course,father,1,2,0,no,yes,no,no,yes,yes,no,yes,5,3,4,1,1,5,0,10,10,10,1,0,0,1,0,2,2,2,1,1,0,1,1,0,0,1,0,2
603,MS,F,17,R,GT3,T,4,4,teacher,services,other,father,2,2,0,no,yes,yes,yes,yes,yes,yes,no,4,3,3,1,2,5,2,12,12,12,1,0,1,1,0,0,2,3,1,1,0,0,0,0,0,0,1,2
604,MS,F,17,U,LE3,A,3,2,services,other,reputation,mother,2,2,0,no,no,no,no,yes,yes,no,yes,1,2,3,1,2,5,0,15,14,15,1,0,0,0,1,2,4,1,0,1,1,1,1,0,0,1,0,2
605,MS,M,18,U,LE3,T,1,1,other,services,home,father,2,1,0,no,no,no,no,no,yes,yes,yes,3,3,2,1,2,3,2,14,13,14,1,1,0,0,0,4,2,0,1,1,1,1,1,1,0,0,0,2
606,MS,F,18,U,LE3,T,1,1,at_home,services,course,father,2,3,0,no,no,no,no,yes,yes,yes,no,5,3,2,1,1,4,0,19,17,18,1,0,0,0,0,3,2,2,1,1,1,1,1,0,0,0,1,2
607,MS,F,18,R,LE3,A,1,2,at_home,other,course,mother,3,2,0,no,no,no,no,yes,yes,no,yes,4,3,4,1,4,5,0,16,15,15,1,0,1,0,1,3,4,2,0,1,1,1,1,0,0,1,0,1
608,MS,F,18,U,GT3,T,3,3,services,services,other,mother,2,2,0,no,yes,no,no,yes,yes,yes,yes,4,3,2,1,3,3,6,13,12,13,1,0,0,1,0,2,2,3,0,1,0,1,1,0,0,0,0,2
609,MS,F,17,U,LE3,T,4,4,at_home,at_home,course,mother,1,2,0,no,yes,no,yes,yes,yes,yes,yes,2,3,4,1,1,1,4,15,14,15,1,0,0,0,0,3,3,2,0,1,0,1,0,0,0,0,0,2
610,MS,F,17,R,GT3,T,1,2,other,services,course,father,2,2,0,no,no,no,no,no,yes,no,no,3,2,2,1,2,3,0,13,13,13,1,0,1,1,0,4,2,2,1,1,1,1,1,1,0,1,1,2
611,MS,M,18,R,GT3,T,1,3,at_home,other,course,mother,2,2,0,no,yes,yes,no,yes,yes,no,no,3,3,4,2,4,3,0,8,10,9,1,1,1,1,0,3,4,2,0,1,0,0,1,0,0,1,1,2
612,MS,M,18,U,LE3,T,4,4,teacher,services,other,mother,2,3,0,no,no,no,no,yes,yes,yes,yes,4,2,2,2,2,5,0,15,16,16,1,1,0,0,0,0,2,3,0,1,1,1,1,0,0,0,0,2
613,MS,F,17,R,GT3,T,1,1,other,services,reputation,mother,3,1,1,no,yes,no,no,yes,yes,yes,yes,5,2,1,1,2,1,0,8,8,9,1,0,1,1,0,4,2,1,0,1,0,1,1,0,0,0,0,2
614,MS,F,18,U,GT3,T,2,3,at_home,services,course,father,2,1,0,no,yes,no,no,yes,yes,yes,yes,5,2,3,1,2,4,0,10,10,10,1,0,0,1,0,3,2,2,1,1,0,1,1,0,0,0,0,2
615,MS,F,18,R,GT3,T,4,4,other,teacher,other,father,3,2,0,no,yes,no,no,no,yes,yes,yes,3,2,2,4,2,5,0,7,5,0,1,0,1,1,0,4,0,3,1,1,0,1,1,1,0,0,0,2
616,MS,M,18,R,LE3,T,1,2,at_home,services,other,father,3,1,0,no,yes,no,yes,yes,no,yes,yes,4,3,3,2,3,3,3,9,10,10,1,1,1,0,0,3,2,3,1,1,0,1,0,0,1,0,0,2
617,MS,F,17,U,GT3,T,2,2,other,at_home,home,mother,1,3,0,no,no,no,yes,yes,yes,no,yes,3,4,3,1,1,3,8,10,11,12,1,0,0,1,0,4,3,0,0,1,1,1,0,0,0,1,0,2
618,MS,F,17,R,GT3,T,1,2,other,other,course,mother,1,1,0,no,no,no,yes,yes,yes,yes,no,3,5,5,1,3,1,4,7,8,9,1,0,1,1,0,4,4,2,0,1,1,1,0,0,0,0,1,2
619,MS,F,18,R,LE3,T,4,4,other,other,reputation,mother,2,3,0,no,no,no,no,yes,yes,yes,no,5,4,4,1,1,1,0,15,17,17,1,0,1,0,0,4,4,1,0,1,1,1,1,0,0,0,1,2
620,MS,F,18,R,GT3,T,1,1,other,other,home,mother,4,3,0,no,no,no,no,yes,yes,yes,no,4,3,2,1,2,4,4,10,11,12,1,0,1,1,0,4,4,0,0,1,1,1,1,0,0,0,1,2
621,MS,F,19,R,GT3,T,1,1,at_home,other,course,other,2,2,1,no,yes,no,no,yes,yes,yes,yes,4,3,3,1,1,3,4,7,8,9,1,0,1,1,0,3,4,2,2,1,0,1,1,0,0,0,0,1
622,MS,F,18,R,LE3,T,4,4,teacher,services,course,mother,1,2,0,no,no,no,yes,yes,yes,yes,no,5,4,3,3,4,2,1,13,14,14,1,0,1,0,0,0,2,2,0,1,1,1,0,0,0,0,1,2
623,MS,F,18,U,GT3,T,3,3,other,other,home,mother,1,2,0,no,no,no,no,yes,yes,yes,yes,4,1,3,1,2,1,1,16,16,16,1,0,0,1,0,4,4,0,0,1,1,1,1,0,0,0,0,2
624,MS,F,17,R,GT3,T,3,1,at_home,other,reputation,mother,1,2,0,no,yes,no,yes,no,yes,yes,no,4,5,4,2,3,1,10,8,9,9,1,0,1,1,0,3,4,1,0,1,0,1,0,1,0,0,1,2
625,MS,M,18,U,GT3,T,4,4,teacher,teacher,home,father,1,2,0,no,no,no,yes,no,yes,yes,no,3,2,4,1,4,2,4,17,18,19,1,1,0,1,0,0,0,0,1,1,1,1,0,1,0,0,1,2
626,MS,M,18,R,GT3,T,2,1,other,other,other,mother,2,1,0,no,no,no,yes,no,yes,yes,yes,4,4,3,1,3,5,0,7,7,0,1,1,1,1,0,4,4,3,0,1,1,1,0,1,0,0,0,2
627,MS,M,17,U,GT3,T,2,3,other,services,home,father,2,2,0,no,no,no,yes,yes,yes,yes,no,4,4,3,1,1,3,4,14,15,16,1,1,0,1,0,4,2,0,1,1,1,1,0,0,0,0,1,2
628,MS,M,19,R,GT3,T,1,1,other,services,other,mother,2,1,1,no,no,no,no,yes,yes,no,no,4,3,2,1,3,5,0,5,8,0,1,1,1,1,0,4,2,3,0,1,1,1,1,0,0,1,1,2
629,MS,M,18,R,GT3,T,4,2,other,other,home,father,2,1,1,no,no,yes,no,yes,yes,no,no,5,4,3,4,3,3,0,7,7,0,1,1,1,1,0,4,4,0,1,1,1,0,1,0,0,1,1,2
630,MS,F,18,R,GT3,T,2,2,at_home,other,other,mother,2,3,0,no,no,no,no,yes,yes,no,no,5,3,3,1,3,4,0,14,17,15,1,0,1,1,0,3,4,3,0,1,1,1,1,0,0,1,1,2
631,MS,F,17,U,GT3,T,4,3,teacher,other,other,mother,2,2,0,no,no,no,no,yes,yes,yes,no,5,5,4,1,1,1,0,6,9,11,1,0,0,1,0,0,4,3,0,1,1,1,1,0,0,0,1,1
632,MS,F,18,R,GT3,T,4,4,teacher,at_home,reputation,mother,3,1,0,no,yes,no,yes,yes,yes,yes,yes,4,4,3,2,2,5,4,7,9,10,1,0,1,1,0,0,3,1,0,1,0,1,0,0,0,0,0,2
633,MS,F,19,R,GT3,T,2,3,services,other,course,mother,1,3,1,no,no,no,yes,no,yes,yes,no,5,4,2,1,2,5,4,10,11,10,1,0,1,1,0,2,4,2,0,1,1,1,0,1,0,0,1,2
634,MS,F,18,U,LE3,T,3,1,teacher,services,course,mother,1,2,0,no,yes,no,no,yes,yes,yes,no,4,3,4,1,1,1,4,15,15,16,1,0,0,0,0,0,2,2,0,1,0,1,1,0,0,0,1,2
635,MS,M,17,U,LE3,T,3,1,services,services,course,mother,2,1,0,no,no,no,no,no,yes,yes,no,2,4,5,3,4,2,6,10,10,10,1,1,0,0,0,2,2,2,0,1,1,1,1,1,0,0,1,2
636,MS,M,18,R,LE3,T,3,2,services,other,course,mother,3,1,0,no,no,no,no,no,yes,yes,no,4,4,1,3,4,5,4,10,11,11,1,1,1,0,0,2,4,2,0,1,1,1,1,1,0,0,1,2
637,GP,M,18,R,GT3,T,2,2,services,other,reputation,mother,1,1,2,no,yes,no,yes,yes,yes,yes,no,3,3,3,1,2,4,0,7,4,0,0,1,1,1,0,2,4,1,0,1,0,1,0,0,0,0,1,0
638,GP,M,15,R,GT3,T,3,2,other,other,course,mother,2,2,2,yes,yes,no,no,yes,yes,yes,yes,4,4,4,1,4,3,6,5,9,7,0,1,1,1,0,4,4,2,0,0,0,1,1,0,0,0,0,0
639,GP,M,16,U,LE3,T,1,2,other,other,course,mother,2,1,1,no,no,no,yes,yes,yes,no,no,4,4,4,2,4,5,0,7,0,0,0,1,0,0,0,4,4,2,0,1,1,1,0,0,0,1,1,0
640,GP,M,17,U,GT3,T,1,3,at_home,services,course,father,1,1,0,no,no,no,no,yes,no,yes,no,5,3,3,1,4,2,2,10,10,10,0,1,0,1,0,3,2,2,1,1,1,1,1,0,1,0,1,0
641,GP,M,16,U,GT3,T,3,2,services,services,course,mother,2,1,1,no,yes,no,yes,no,no,no,no,4,5,2,1,1,2,16,12,11,12,0,1,0,1,0,2,2,2,0,1,0,1,0,1,1,1,1,0
642,GP,F,18,U,LE3,T,2,1,services,at_home,reputation,mother,1,2,1,no,no,no,no,yes,yes,yes,yes,5,4,3,1,1,5,12,12,12,13,0,0,0,0,0,2,3,1,0,1,1,1,1,0,0,0,0,0
643,GP,M,19,U,GT3,T,3,3,other,other,home,other,1,2,1,no,yes,no,yes,yes,yes,yes,yes,4,4,4,1,1,3,20,15,14,13,0,1,0,1,0,4,4,0,2,1,0,1,0,0,0,0,0,0
644,GP,F,18,U,GT3,T,2,4,services,at_home,reputation,other,1,2,1,no,yes,yes,yes,yes,yes,yes,no,4,4,3,1,1,3,8,14,12,12,0,0,0,1,0,2,3,1,2,1,0,0,0,0,0,0,1,0
645,GP,M,19,U,GT3,T,4,4,teacher,services,reputation,other,2,1,1,no,yes,yes,no,yes,yes,yes,yes,4,3,4,1,1,4,38,8,9,8,0,1,0,1,0,0,2,1,2,1,0,0,1,0,0,0,0,0
646,GP,F,19,U,LE3,T,1,1,at_home,other,reputation,other,1,2,1,yes,yes,no,yes,no,yes,yes,no,4,4,3,1,3,3,18,12,10,10,0,0,0,0,0,3,4,1,2,0,0,1,0,1,0,0,1,0
647,GP,F,19,U,LE3,T,1,2,services,services,home,other,1,2,1,no,no,no,yes,no,yes,no,yes,4,2,4,2,2,3,0,9,9,0,0,0,0,0,0,2,2,0,2,1,1,1,0,1,0,1,0,0
648,GP,F,19,U,GT3,T,2,1,at_home,other,other,other,3,2,0,no,yes,no,no,yes,no,yes,yes,3,4,1,1,1,2,20,14,12,13,0,0,0,1,0,3,4,3,2,1,0,1,1,0,1,0,0,0
649,GP,M,19,U,GT3,T,1,2,other,services,course,other,1,2,1,no,no,no,no,no,yes,yes,no,4,5,2,2,2,4,3,13,11,11,0,1,0,1,0,4,2,2,2,1,1,1,1,1,0,0,1,0
650,GP,F,19,U,LE3,T,3,2,services,other,reputation,other,2,2,1,no,yes,yes,no,no,yes,yes,yes,4,2,2,1,2,1,22,13,10,11,0,0,0,0,0,2,4,1,2,1,0,0,1,1,0,0,0,0
651,GP,F,19,U,GT3,T,1,1,at_home,health,home,other,1,3,2,no,no,no,no,no,yes,yes,yes,4,1,2,1,1,3,14,15,13,13,0,0,0,1,0,3,1,0,2,1,1,1,1,1,0,0,0,0
652,GP,F,19,R,GT3,T,2,3,other,other,reputation,other,1,3,1,no,no,no,no,yes,yes,yes,yes,4,1,2,1,1,3,40,13,11,11,0,0,1,1,0,4,4,1,2,1,1,1,1,0,0,0,0,0
653,GP,F,19,R,GT3,A,3,1,services,at_home,home,other,1,3,1,no,no,yes,no,yes,yes,no,no,5,4,3,1,2,5,12,14,13,13,0,0,1,1,1,2,3,0,2,1,1,0,1,0,0,1,1,0
654,GP,F,19,U,GT3,T,2,1,services,services,home,other,1,3,1,no,no,yes,yes,yes,yes,yes,yes,4,3,4,1,3,3,4,11,12,11,0,0,0,1,0,2,2,0,2,1,1,0,0,0,0,0,0,0
655,MS,F,18,R,LE3,A,1,4,at_home,other,course,mother,3,2,0,no,no,no,no,yes,yes,no,yes,4,3,4,1,4,5,0,13,13,13,1,0,1,0,1,3,4,2,0,1,1,1,1,0,0,1,0,0
656,MS,M,18,R,LE3,T,1,1,at_home,other,other,mother,2,2,1,no,no,no,yes,no,no,no,no,4,4,3,2,3,5,2,13,12,12,1,1,1,0,0,3,4,3,0,1,1,1,0,1,1,1,1,0
657,MS,F,19,U,LE3,T,3,2,services,services,home,other,2,2,2,no,no,no,yes,yes,yes,no,yes,3,2,2,1,1,3,4,7,7,9,1,0,0,0,0,2,2,0,2,1,1,1,0,0,0,1,0,0
658,MS,F,20,U,GT3,T,4,2,health,other,course,other,2,3,2,no,yes,yes,no,no,yes,yes,yes,5,4,3,1,1,3,4,15,14,15,1,0,0,1,0,1,4,2,2,1,0,0,1,1,0,0,0,0
659,MS,M,20,U,LE3,A,2,2,services,services,course,other,1,2,2,no,yes,yes,no,yes,yes,no,no,5,5,4,4,5,4,11,9,9,9,1,1,0,0,1,2,2,2,2,1,0,0,1,0,0,1,1,0
660,MS,M,21,R,GT3,T,1,1,other,other,course,other,1,1,3,no,no,no,no,no,yes,no,no,5,5,3,3,3,3,3,10,8,7,1,1,1,1,0,4,4,2,2,1,1,1,1,1,0,1,1,0
661,MS,M,19,U,LE3,T,1,1,other,at_home,course,father,1,1,0,no,no,no,no,yes,yes,yes,no,3,2,3,3,3,5,5,8,9,9,1,1,0,0,0,4,3,2,1,1,1,1,1,0,0,0,1,0
